-- phpMyAdmin SQL Dump
-- version 4.6.4
-- https://www.phpmyadmin.net/
--
-- Host: 127.0.0.1
-- Generation Time: Dec 29, 2017 at 07:37 PM
-- Server version: 5.7.14
-- PHP Version: 7.0.10

SET SQL_MODE = "NO_AUTO_VALUE_ON_ZERO";
SET time_zone = "+00:00";


/*!40101 SET @OLD_CHARACTER_SET_CLIENT=@@CHARACTER_SET_CLIENT */;
/*!40101 SET @OLD_CHARACTER_SET_RESULTS=@@CHARACTER_SET_RESULTS */;
/*!40101 SET @OLD_COLLATION_CONNECTION=@@COLLATION_CONNECTION */;
/*!40101 SET NAMES utf8mb4 */;

--
-- Database: `apilaravel`
--

-- --------------------------------------------------------

--
-- Table structure for table `migrations`
--

CREATE TABLE `migrations` (
  `id` int(10) UNSIGNED NOT NULL,
  `migration` varchar(191) COLLATE utf8mb4_unicode_ci NOT NULL,
  `batch` int(11) NOT NULL
) ENGINE=MyISAM DEFAULT CHARSET=utf8mb4 COLLATE=utf8mb4_unicode_ci;

--
-- Dumping data for table `migrations`
--

INSERT INTO `migrations` (`id`, `migration`, `batch`) VALUES
(1, '2014_10_12_000000_create_users_table', 1),
(2, '2014_10_12_100000_create_password_resets_table', 1),
(3, '2017_12_23_091211_create_products_table', 1),
(4, '2017_12_23_091330_create_reviews_table', 1);

-- --------------------------------------------------------

--
-- Table structure for table `password_resets`
--

CREATE TABLE `password_resets` (
  `email` varchar(191) COLLATE utf8mb4_unicode_ci NOT NULL,
  `token` varchar(191) COLLATE utf8mb4_unicode_ci NOT NULL,
  `created_at` timestamp NULL DEFAULT NULL
) ENGINE=MyISAM DEFAULT CHARSET=utf8mb4 COLLATE=utf8mb4_unicode_ci;

-- --------------------------------------------------------

--
-- Table structure for table `products`
--

CREATE TABLE `products` (
  `id` int(10) UNSIGNED NOT NULL,
  `name` varchar(191) COLLATE utf8mb4_unicode_ci NOT NULL,
  `detail` text COLLATE utf8mb4_unicode_ci NOT NULL,
  `price` int(11) NOT NULL,
  `stock` int(11) NOT NULL,
  `discount` int(11) NOT NULL,
  `created_at` timestamp NULL DEFAULT NULL,
  `updated_at` timestamp NULL DEFAULT NULL
) ENGINE=MyISAM DEFAULT CHARSET=utf8mb4 COLLATE=utf8mb4_unicode_ci;

--
-- Dumping data for table `products`
--

INSERT INTO `products` (`id`, `name`, `detail`, `price`, `stock`, `discount`, `created_at`, `updated_at`) VALUES
(1, 'beatae', 'Odit laborum aut et repellendus. Quia aut dolorum voluptates perspiciatis aperiam aut ad. Alias facilis doloribus fugiat et voluptatem ducimus sapiente magni.', 311, 0, 26, '2017-12-23 04:12:07', '2017-12-23 04:12:07'),
(2, 'aperiam', 'Ipsum voluptas repellat officiis. Eum nesciunt saepe nisi accusantium. Adipisci voluptatem laborum quisquam. Excepturi impedit est dolores voluptas.', 416, 1, 9, '2017-12-23 04:12:07', '2017-12-23 04:12:07'),
(3, 'rerum', 'Optio sint repellendus quidem. Unde recusandae quo eos voluptas nisi. Nihil deserunt quo eius officia laborum harum. Vero dignissimos beatae eaque praesentium expedita beatae.', 180, 7, 11, '2017-12-23 04:12:07', '2017-12-23 04:12:07'),
(4, 'est', 'Nihil velit quia ea rerum ut non quasi. Labore molestiae hic et nostrum voluptatibus est. Eveniet corporis et illum provident.', 289, 5, 27, '2017-12-23 04:12:07', '2017-12-23 04:12:07'),
(5, 'in', 'Error maiores officia hic ullam. In ad voluptatem consequuntur quas pariatur et impedit. Tempora nihil molestiae accusantium quos.', 367, 7, 12, '2017-12-23 04:12:07', '2017-12-23 04:12:07'),
(6, 'et', 'Atque molestias aut ut ipsum. Maiores accusantium provident debitis nihil et architecto. Ea eum est non eius ipsa quia sed sit. Fuga iste corrupti ab.', 42, 7, 9, '2017-12-23 04:12:07', '2017-12-23 04:12:07'),
(7, 'nihil', 'Sunt quis atque omnis est eum voluptas. Tempore odit eaque inventore animi natus voluptatem animi. Rerum est facilis sunt et repudiandae blanditiis minus odio. Et et voluptatum sunt qui animi.', 129, 8, 22, '2017-12-23 04:12:07', '2017-12-23 04:12:07'),
(8, 'eos', 'Consectetur itaque fuga dignissimos aliquid est. Incidunt quia ab quia veritatis tempore corrupti sit. Alias consectetur debitis quo numquam.', 41, 7, 16, '2017-12-23 04:12:07', '2017-12-23 04:12:07'),
(9, 'consequatur', 'Nam quia occaecati possimus optio voluptas exercitationem perspiciatis. Delectus id fugit corporis laborum quam repudiandae neque. Delectus et maxime est eum. Ex dolorum autem inventore autem.', 88, 6, 28, '2017-12-23 04:12:07', '2017-12-23 04:12:07'),
(10, 'inventore', 'Perferendis quibusdam sunt perspiciatis incidunt et dolorem. Repellendus qui quo dolor eveniet alias asperiores. Veritatis eos tenetur voluptas est consequuntur.', 437, 4, 22, '2017-12-23 04:12:07', '2017-12-23 04:12:07'),
(11, 'facere', 'Suscipit est sed dignissimos et ducimus ab. Ea voluptatibus non et id nihil. Et officia voluptas est aut. Omnis vero magni qui voluptatem alias ipsam nulla.', 177, 2, 11, '2017-12-23 04:12:07', '2017-12-23 04:12:07'),
(12, 'consequatur', 'Quis assumenda consequuntur et in est voluptatibus. Consequatur suscipit et sint aliquam. Rerum consectetur architecto occaecati quia ipsam. Aliquam ipsam eos ex quis quasi sed odio soluta.', 279, 9, 20, '2017-12-23 04:12:07', '2017-12-23 04:12:07'),
(13, 'animi', 'Aut quas praesentium error illo quidem aliquam. Et cum ea consectetur maiores debitis sint. Vitae ut aut ex rerum assumenda.', 328, 7, 12, '2017-12-23 04:12:07', '2017-12-23 04:12:07'),
(14, 'illum', 'Et sint vitae velit qui iure numquam quo. Placeat fuga cupiditate occaecati perferendis praesentium. Eligendi dicta nesciunt voluptas et ut. Velit corporis rerum libero ipsum.', 205, 6, 30, '2017-12-23 04:12:07', '2017-12-23 04:12:07'),
(15, 'harum', 'Sit nobis delectus ratione architecto quam aperiam. Debitis aut nobis autem consequatur quam et alias dolorum. Eligendi et non eos veniam.', 105, 6, 17, '2017-12-23 04:12:07', '2017-12-23 04:12:07'),
(16, 'voluptatem', 'Ut deserunt fugiat est. Sunt laboriosam quia iste ea. Aliquam ex impedit rerum saepe. Sit aut nostrum omnis incidunt beatae. Reiciendis earum ratione ut ab incidunt in doloremque.', 398, 5, 29, '2017-12-23 04:12:07', '2017-12-23 04:12:07'),
(17, 'laudantium', 'Eos voluptas veritatis sint eum eos fuga unde rem. Aperiam et aspernatur sint harum laborum quod ab. Laborum sint eum dolor ea expedita assumenda ipsam nam. Perferendis veniam architecto ut sint.', 65, 0, 9, '2017-12-23 04:12:07', '2017-12-23 04:12:07'),
(18, 'sed', 'Eum autem recusandae ut. Eum sed quo sed sunt labore. Quis consequatur perferendis dolorem occaecati atque.', 160, 3, 7, '2017-12-23 04:12:07', '2017-12-23 04:12:07'),
(19, 'qui', 'Perferendis nobis dolorum officia eum. In illum enim dolorem. Aut animi laudantium eum sit voluptate omnis. Voluptatibus omnis possimus sit nemo repellendus iste sunt.', 253, 1, 19, '2017-12-23 04:12:07', '2017-12-23 04:12:07'),
(20, 'aut', 'Assumenda quos molestiae doloremque et molestiae enim eaque. Velit mollitia maiores enim. Architecto in in rem non et. Nulla temporibus dolore odio illum nihil sed.', 24, 5, 25, '2017-12-23 04:12:07', '2017-12-23 04:12:07'),
(21, 'ut', 'Eum necessitatibus est atque nulla eius. Optio dolor magni dolor repellat aut quibusdam. Quidem et ducimus expedita ea est doloremque cumque.', 207, 4, 10, '2017-12-23 04:12:07', '2017-12-23 04:12:07'),
(22, 'quisquam', 'Suscipit rerum non inventore facere soluta repellat expedita est. Provident voluptatem inventore nemo delectus velit atque. Quas ut in saepe eum ad eum.', 216, 3, 16, '2017-12-23 04:12:07', '2017-12-23 04:12:07'),
(23, 'voluptas', 'Nihil mollitia laudantium exercitationem nulla quisquam omnis ut. Odit deleniti beatae vitae. Dolor est quibusdam rerum quia sint temporibus. Aut beatae magni voluptate dolor porro cumque.', 273, 8, 26, '2017-12-23 04:12:07', '2017-12-23 04:12:07'),
(24, 'quam', 'Et perferendis voluptatum illo in velit. Qui alias et beatae accusamus hic sit. Fuga alias et sint ducimus. Dolores veniam dolorem omnis tenetur cum eaque incidunt.', 302, 6, 13, '2017-12-23 04:12:07', '2017-12-23 04:12:07'),
(25, 'voluptatem', 'Sit sit magni cumque illum non quia qui et. Explicabo rem reiciendis vero facere officia. Nemo dignissimos temporibus enim quos.', 237, 5, 28, '2017-12-23 04:12:07', '2017-12-23 04:12:07'),
(26, 'quia', 'Nemo nihil minima quibusdam et eligendi sed dolore. Eos nulla ratione nihil unde ipsum incidunt. Enim laborum ut assumenda repellat sequi porro et veritatis. Velit in sit quidem sapiente autem nisi.', 138, 7, 13, '2017-12-23 04:12:07', '2017-12-23 04:12:07'),
(27, 'voluptas', 'Laboriosam voluptatem mollitia qui eos. Minus voluptate sit velit. Sunt occaecati aut ipsam et ad voluptas.', 196, 7, 21, '2017-12-23 04:12:07', '2017-12-23 04:12:07'),
(28, 'similique', 'Odit consectetur labore aut aut minima quis ea. Voluptatem ut eveniet modi dolorum accusamus. Aut laudantium aut dolorum aut ut.', 408, 4, 9, '2017-12-23 04:12:07', '2017-12-23 04:12:07'),
(29, 'ducimus', 'Eum velit et rem et. Ea porro hic eligendi veritatis blanditiis quidem quibusdam consectetur. Sunt deleniti dolores quia dolorem omnis aliquid commodi.', 492, 5, 22, '2017-12-23 04:12:07', '2017-12-23 04:12:07'),
(30, 'et', 'In sit saepe fugiat mollitia harum necessitatibus voluptate. Iure consequuntur ad ex harum. Aut commodi eum maxime voluptas dicta.', 80, 7, 8, '2017-12-23 04:12:07', '2017-12-23 04:12:07'),
(31, 'velit', 'Itaque sunt qui quo velit quis voluptatem quibusdam excepturi. Facilis sed laudantium nam numquam est. Et magnam harum rerum minus. Vitae assumenda dicta nesciunt molestiae in.', 138, 9, 25, '2017-12-23 04:12:07', '2017-12-23 04:12:07'),
(32, 'reprehenderit', 'Officia non ipsa similique sunt corrupti. Debitis incidunt atque sit molestias repudiandae. Ipsam ut dolorum cupiditate minima nisi accusamus nihil. Hic explicabo rem veritatis vero.', 99, 4, 22, '2017-12-23 04:12:07', '2017-12-23 04:12:07'),
(33, 'sed', 'Fuga dolorum sapiente animi sit dignissimos placeat. Ut ratione sint minus quibusdam consequatur non nobis. Officiis et consectetur esse vel repudiandae quod.', 67, 2, 9, '2017-12-23 04:12:07', '2017-12-23 04:12:07'),
(34, 'culpa', 'Illo sit quo dolor qui nulla. A occaecati eum soluta sapiente. Dignissimos et quasi sint enim nostrum ut. Est fuga quia adipisci rerum quasi dolor.', 53, 4, 16, '2017-12-23 04:12:07', '2017-12-23 04:12:07'),
(35, 'voluptatibus', 'Quas dolores et voluptate voluptatum magni id repellendus. Impedit molestias sapiente doloribus amet cumque. Aliquam dolores temporibus doloribus quibusdam repudiandae corrupti eum sint.', 272, 5, 26, '2017-12-23 04:12:07', '2017-12-23 04:12:07'),
(36, 'laboriosam', 'Aut et et voluptatem distinctio est qui sapiente quaerat. Perferendis incidunt officia enim nostrum architecto quidem ipsa et. Voluptatem quaerat aut fuga aspernatur veniam dolor quia deleniti.', 225, 9, 10, '2017-12-23 04:12:07', '2017-12-23 04:12:07'),
(37, 'error', 'Et natus dolor consectetur repellat perspiciatis quam earum. Beatae explicabo sit et et odit. Quia sit perferendis aut eum rerum reiciendis tempore.', 280, 7, 5, '2017-12-23 04:12:07', '2017-12-23 04:12:07'),
(38, 'sed', 'Non animi neque minus omnis. Quam voluptatem unde aut aperiam aliquam qui eos molestiae. Praesentium pariatur facere autem eaque.', 288, 8, 19, '2017-12-23 04:12:07', '2017-12-23 04:12:07'),
(39, 'numquam', 'Doloremque rem reiciendis consequuntur a facere aut. Ducimus eos nihil pariatur. Ut eos quam dolorem. Et repellat pariatur illo et error aut velit.', 371, 1, 17, '2017-12-23 04:12:07', '2017-12-23 04:12:07'),
(40, 'dolore', 'Nulla ut esse id nesciunt repudiandae totam. Dignissimos est in eos iste quo aut. Repellendus eum laboriosam est perferendis neque. Doloribus repellendus laudantium magni quia.', 216, 7, 9, '2017-12-23 04:12:07', '2017-12-23 04:12:07'),
(41, 'sed', 'Rerum laudantium enim et incidunt est. Tempore asperiores dolorum velit. Sunt nulla voluptas non ad. Sunt totam enim est voluptas corrupti vero laudantium.', 476, 9, 23, '2017-12-23 04:12:07', '2017-12-23 04:12:07'),
(42, 'necessitatibus', 'Alias maxime quis asperiores. Magnam nisi a tenetur explicabo facere. Velit illum minus voluptate dolorum qui omnis mollitia nihil. Numquam autem recusandae dolorum id.', 348, 6, 11, '2017-12-23 04:12:07', '2017-12-23 04:12:07'),
(43, 'voluptate', 'Cumque aut ut qui quos. Rem ipsum dolor consequatur perferendis deleniti laborum.', 296, 7, 29, '2017-12-23 04:12:07', '2017-12-23 04:12:07'),
(44, 'et', 'Aut dolorem et quaerat blanditiis. Ducimus saepe aut voluptatem dicta ipsa. Illo aliquid mollitia cupiditate tenetur ut enim esse quo.', 193, 4, 20, '2017-12-23 04:12:07', '2017-12-23 04:12:07'),
(45, 'ratione', 'Dolores commodi aut eaque qui. Sit amet sed tempora sunt. Quibusdam culpa est saepe nulla dolorem molestiae quia.', 289, 3, 17, '2017-12-23 04:12:07', '2017-12-23 04:12:07'),
(46, 'totam', 'Sint tenetur et harum labore beatae. Dolorum eius sunt esse voluptatem. Vel est non atque accusantium velit cum. Ut magni aspernatur iure nemo quas aut maxime nisi.', 359, 3, 6, '2017-12-23 04:12:07', '2017-12-23 04:12:07'),
(47, 'aut', 'Perspiciatis facilis quia voluptas recusandae eos. Aut omnis dolore commodi error et quia maiores. Nostrum dolore labore asperiores saepe.', 23, 5, 29, '2017-12-23 04:12:07', '2017-12-23 04:12:07'),
(48, 'quibusdam', 'Et voluptas autem facilis debitis. Vitae quae voluptatum sed. Qui reprehenderit vero sed ut beatae modi porro.', 368, 7, 30, '2017-12-23 04:12:07', '2017-12-23 04:12:07'),
(49, 'provident', 'Non dignissimos praesentium consequatur molestiae illum fugiat. Qui aut omnis praesentium velit non. Et aut ea sed earum.', 56, 5, 16, '2017-12-23 04:12:07', '2017-12-23 04:12:07'),
(50, 'est', 'Minima magni quis deleniti et quo aut. Nesciunt et ipsam perspiciatis earum odio voluptatem sint. Cum quo omnis iusto dolores.', 178, 2, 26, '2017-12-23 04:12:07', '2017-12-23 04:12:07'),
(51, 'nihil', 'Deserunt sint explicabo animi quaerat. Quam eos laboriosam magnam accusantium quia. Autem tenetur non ducimus excepturi enim.', 363, 0, 21, '2017-12-23 04:12:07', '2017-12-23 04:12:07'),
(52, 'delectus', 'Velit magni autem accusantium error voluptas. Delectus provident dolorem dolorem est.', 264, 1, 23, '2017-12-23 04:12:07', '2017-12-23 04:12:07'),
(53, 'facilis', 'Provident fuga totam ducimus blanditiis et voluptas velit. Aut tempora quasi assumenda ea officia aperiam. Rerum tempore qui autem qui. Dolorem et ipsum earum. Est atque et magni soluta rerum.', 121, 8, 21, '2017-12-23 04:12:07', '2017-12-23 04:12:07'),
(54, 'totam', 'Qui optio sapiente cumque a laboriosam. Aliquid similique magnam at quisquam. Quae et quia eius enim omnis dolor. Impedit accusantium voluptatum facilis occaecati.', 224, 4, 9, '2017-12-23 04:12:07', '2017-12-23 04:12:07'),
(55, 'repellendus', 'In voluptatem quis aut non vitae. Debitis voluptas quia ex illum ratione. Corporis reprehenderit quo asperiores sint. Sit quaerat perspiciatis architecto voluptatem eius non.', 298, 1, 14, '2017-12-23 04:12:07', '2017-12-23 04:12:07'),
(56, 'quo', 'Necessitatibus ea non et est est eos voluptatem. Quibusdam nostrum et voluptatem labore et ut dolorem.', 129, 4, 5, '2017-12-23 04:12:07', '2017-12-23 04:12:07'),
(57, 'atque', 'Dignissimos in incidunt impedit eos et qui. Hic quo animi itaque sed perferendis vitae doloribus. Commodi amet est repellat aut natus iusto quibusdam nostrum. Perspiciatis enim quia hic in.', 261, 4, 10, '2017-12-23 04:12:07', '2017-12-23 04:12:07'),
(58, 'ea', 'Alias molestias ratione eos asperiores hic harum. Pariatur distinctio molestias sint non consectetur. Perspiciatis a natus ut eum quo consequatur voluptas consectetur.', 135, 5, 20, '2017-12-23 04:12:07', '2017-12-23 04:12:07'),
(59, 'porro', 'Quidem sunt quos cumque repellendus molestiae officia maiores. Libero enim vel impedit et voluptatem voluptas laboriosam. Placeat consequatur aut voluptate.', 166, 9, 23, '2017-12-23 04:12:07', '2017-12-23 04:12:07'),
(60, 'ut', 'Et sint labore natus voluptates molestiae commodi nobis omnis. Praesentium laboriosam quia veritatis aut. Voluptas iusto accusamus neque et consequatur harum voluptatem.', 326, 6, 8, '2017-12-23 04:12:07', '2017-12-23 04:12:07'),
(61, 'nihil', 'Laboriosam cupiditate sed dolore modi autem. Excepturi qui nostrum tenetur animi reiciendis unde. Delectus non reprehenderit asperiores amet fugit rem.', 484, 9, 10, '2017-12-23 04:12:07', '2017-12-23 04:12:07'),
(62, 'voluptas', 'Quae modi omnis quis excepturi unde sint nulla ut. Qui velit ea quis. Impedit pariatur laudantium placeat quis dolores eos voluptatibus.', 176, 4, 5, '2017-12-23 04:12:07', '2017-12-23 04:12:07'),
(63, 'rerum', 'Omnis suscipit qui doloremque sapiente est. Ad consequuntur voluptatum repudiandae aperiam est. Sed aliquid sed aut recusandae ut.', 471, 8, 26, '2017-12-23 04:12:07', '2017-12-23 04:12:07'),
(64, 'doloremque', 'Perspiciatis officiis asperiores aut odio enim. Sapiente voluptas molestiae vel nam aut.', 338, 1, 11, '2017-12-23 04:12:07', '2017-12-23 04:12:07'),
(65, 'tempore', 'Maxime non consectetur magnam laudantium ducimus quasi. Molestiae corrupti odit eveniet fugit aut tenetur officiis. Delectus totam ut modi commodi.', 65, 2, 16, '2017-12-23 04:12:07', '2017-12-23 04:12:07'),
(66, 'cum', 'Dolores ratione et sed et. Ea id enim modi sit quis. Error animi inventore non laudantium possimus.', 260, 0, 22, '2017-12-23 04:12:07', '2017-12-23 04:12:07'),
(67, 'occaecati', 'Esse voluptas sit nihil ea non et magnam. Praesentium modi veritatis quisquam culpa. Laboriosam deserunt omnis similique iusto.', 211, 1, 23, '2017-12-23 04:12:07', '2017-12-23 04:12:07'),
(68, 'doloremque', 'Ullam sit in doloribus ipsum quos sunt error. Fugiat molestiae sapiente repudiandae cumque. Magni eos quidem non necessitatibus.', 295, 6, 20, '2017-12-23 04:12:07', '2017-12-23 04:12:07'),
(69, 'sit', 'Corrupti dolorem voluptatem qui. Iure repellat nobis eligendi. Impedit aperiam aut nostrum culpa et consequatur. Harum quidem occaecati aperiam optio.', 415, 7, 18, '2017-12-23 04:12:07', '2017-12-23 04:12:07'),
(70, 'sunt', 'Tenetur tenetur consequatur sed odio laborum dignissimos. Id quasi eaque cupiditate expedita ab odio. Mollitia ea fugiat rerum illo est.', 495, 3, 7, '2017-12-23 04:12:07', '2017-12-23 04:12:07'),
(71, 'ducimus', 'Earum veniam dicta assumenda impedit. Adipisci eligendi aut nisi nam hic. Dolorem eum veniam nostrum sit atque corrupti.', 79, 9, 8, '2017-12-23 04:12:07', '2017-12-23 04:12:07'),
(72, 'neque', 'Praesentium quos aut similique. Voluptatem porro ut iusto ad aut et id. Quia minus eveniet pariatur ipsam enim tempora ratione. Occaecati ut et ratione cupiditate ex.', 478, 5, 27, '2017-12-23 04:12:07', '2017-12-23 04:12:07'),
(73, 'inventore', 'Ratione ut natus saepe vel ea quaerat. Ipsum quaerat est quibusdam quia qui porro ut. Recusandae id assumenda dolor ducimus reiciendis a nam. Adipisci hic est voluptas saepe est sit.', 213, 5, 8, '2017-12-23 04:12:07', '2017-12-23 04:12:07'),
(74, 'beatae', 'Totam omnis quos quia tenetur. Quaerat esse optio expedita iure quis. Porro ipsa saepe quibusdam et. Inventore autem deserunt dolores magnam.', 317, 5, 11, '2017-12-23 04:12:07', '2017-12-23 04:12:07'),
(75, 'quo', 'Quia eius reprehenderit fuga id quia maiores inventore. Dignissimos atque numquam culpa velit quod accusamus qui quis. Qui culpa illum explicabo quo. Vitae molestiae expedita alias omnis iusto.', 417, 4, 23, '2017-12-23 04:12:07', '2017-12-23 04:12:07'),
(76, 'veniam', 'Officiis eos in ab. Consequuntur rerum voluptas autem sit eos minima repudiandae. Assumenda aliquid hic atque distinctio vel enim.', 27, 8, 16, '2017-12-23 04:12:07', '2017-12-23 04:12:07'),
(77, 'tempora', 'Quia blanditiis amet accusamus aut eaque odit ducimus. Placeat delectus iure illum saepe. Veritatis corrupti facilis eius sint error accusantium. Architecto odit assumenda dolores voluptate et.', 259, 9, 10, '2017-12-23 04:12:07', '2017-12-23 04:12:07'),
(78, 'aut', 'Omnis minus qui ab ducimus enim. Incidunt cupiditate qui quia culpa magni sint vel. Aut unde nisi id sequi sed. Aliquam sit voluptatibus officia eligendi quos vel.', 156, 6, 20, '2017-12-23 04:12:07', '2017-12-23 04:12:07'),
(79, 'maiores', 'Quo aliquid sint aut rem odio dolore. Et accusantium aspernatur accusamus eos doloremque. Ratione culpa voluptates sed accusamus fugiat laborum esse. Dolore delectus blanditiis soluta quisquam saepe.', 55, 4, 14, '2017-12-23 04:12:07', '2017-12-23 04:12:07'),
(80, 'reprehenderit', 'Ut facilis natus laudantium a nemo aliquam. Magnam ex nobis aut consectetur. Aliquam ut nam soluta adipisci occaecati laborum delectus.', 56, 7, 11, '2017-12-23 04:12:07', '2017-12-23 04:12:07'),
(81, 'porro', 'Asperiores ut provident officia sit ipsum et magni. Totam repellendus reprehenderit nihil laborum et et. Maxime animi in molestias quidem.', 200, 2, 21, '2017-12-23 04:12:07', '2017-12-23 04:12:07'),
(82, 'quam', 'Rem eligendi est accusamus dolorem aut at. Et dolorem eius ex qui dignissimos. Doloremque temporibus officiis facilis est quidem nisi accusamus.', 41, 2, 23, '2017-12-23 04:12:07', '2017-12-23 04:12:07'),
(83, 'et', 'Molestiae praesentium cumque dolore ea. Dolor voluptatem numquam voluptatem. Laudantium odit dicta esse facilis.', 422, 2, 18, '2017-12-23 04:12:07', '2017-12-23 04:12:07'),
(84, 'error', 'Quibusdam sit eligendi ipsa fugiat fugit est. Tempore vitae sint rerum totam autem eligendi.', 51, 9, 10, '2017-12-23 04:12:07', '2017-12-23 04:12:07'),
(85, 'voluptatibus', 'Odit id dolores dolorum quis et repellendus. Cum quos deleniti facilis voluptatem consequatur sed. Quia doloribus iusto laboriosam vel. Culpa alias enim harum repellendus.', 100, 5, 25, '2017-12-23 04:12:07', '2017-12-23 04:12:07'),
(86, 'dolores', 'Beatae autem necessitatibus cupiditate. Consequatur hic doloremque et perspiciatis. Possimus quo fugiat quia nemo est ad. Magni enim vitae quis maiores.', 62, 1, 18, '2017-12-23 04:12:07', '2017-12-23 04:12:07'),
(87, 'eos', 'Quos sit aut incidunt optio molestiae laborum. Explicabo et iure ipsa rerum. Laudantium est iusto quia reprehenderit. Molestiae fuga sed optio assumenda dolore.', 180, 9, 6, '2017-12-23 04:12:07', '2017-12-23 04:12:07'),
(88, 'qui', 'Cumque voluptatem odit debitis maiores harum soluta. Ipsum numquam et voluptatem et earum voluptatem. Quisquam sed qui vitae ea corrupti.', 381, 4, 29, '2017-12-23 04:12:07', '2017-12-23 04:12:07'),
(89, 'enim', 'Tempora quo architecto amet dolor reprehenderit. Error sequi fuga voluptatem eos voluptatem. Aut animi provident quas quia sit sed.', 309, 2, 19, '2017-12-23 04:12:07', '2017-12-23 04:12:07'),
(90, 'nesciunt', 'Alias aut minus voluptatem vero. Adipisci quibusdam consequatur ut libero sed quos. Nam sed dolorem quam ipsam voluptatum sunt. Repellat omnis deserunt cupiditate voluptas amet.', 135, 4, 12, '2017-12-23 04:12:07', '2017-12-23 04:12:07'),
(91, 'aliquam', 'Dolores est asperiores tenetur omnis dolores. Qui et ut minima maxime. Eligendi qui voluptatibus veniam earum aliquid ea sequi ipsum. Esse dolore sint rerum.', 465, 9, 30, '2017-12-23 04:12:07', '2017-12-23 04:12:07'),
(92, 'mollitia', 'Ea sit doloribus reiciendis quis. Voluptates ut corrupti rerum quis consequuntur magnam. Dolores recusandae ut suscipit quis error ut.', 456, 1, 30, '2017-12-23 04:12:07', '2017-12-23 04:12:07'),
(93, 'velit', 'Enim sit excepturi tempora quos commodi natus sed nam. Tempora repellat illum amet eaque unde illo blanditiis culpa. Pariatur ducimus ducimus aperiam doloribus dolore ipsa et.', 250, 1, 11, '2017-12-23 04:12:08', '2017-12-23 04:12:08'),
(94, 'aspernatur', 'Dolor pariatur veritatis enim. Neque rerum sed vitae rem. Recusandae esse quas et laboriosam. Non dolores laborum non voluptatum velit. Tenetur consequatur autem impedit eos ea.', 65, 8, 24, '2017-12-23 04:12:08', '2017-12-23 04:12:08'),
(95, 'quod', 'Dicta voluptas et nulla necessitatibus accusamus. Repellendus veritatis qui aut necessitatibus consequatur dolore quam. Consequatur repellat sequi magni.', 309, 3, 10, '2017-12-23 04:12:08', '2017-12-23 04:12:08'),
(96, 'magnam', 'Qui ut autem itaque ab. Rerum repudiandae cum praesentium molestiae consequuntur fugiat tenetur. Laudantium culpa quia et rem eius.', 166, 5, 26, '2017-12-23 04:12:08', '2017-12-23 04:12:08'),
(97, 'est', 'Ad eos corrupti voluptas vel ut sunt. Nobis consectetur delectus doloribus odio aut consequuntur officia.', 91, 7, 10, '2017-12-23 04:12:08', '2017-12-23 04:12:08'),
(98, 'qui', 'Aut provident qui voluptas beatae. Consequuntur molestiae beatae sed. Accusamus nostrum quasi quae inventore praesentium natus. Adipisci sunt quam cum nihil sit suscipit quidem.', 324, 1, 14, '2017-12-23 04:12:08', '2017-12-23 04:12:08'),
(99, 'iste', 'Delectus alias omnis occaecati voluptates. Facilis quis ex excepturi ut voluptatem sit ut. Natus et fugit et sed eum voluptatem.', 262, 0, 22, '2017-12-23 04:12:08', '2017-12-23 04:12:08'),
(100, 'sit', 'Quo corrupti et laudantium et doloremque velit. Odio cumque non quo vero aliquam excepturi. Nobis quae ratione aut sed. Odit debitis necessitatibus voluptatem.', 368, 2, 5, '2017-12-23 04:12:08', '2017-12-23 04:12:08'),
(101, 'repudiandae', 'Sunt cupiditate quia nostrum quo est harum assumenda quo. Aut necessitatibus aperiam sit rerum deserunt inventore quia.', 201, 7, 15, '2017-12-23 04:12:46', '2017-12-23 04:12:46'),
(102, 'voluptatem', 'Voluptatibus impedit provident fuga velit. Cum nihil aut quis rem autem cum cumque. Facilis fuga vel consequatur ad harum illo. Perferendis sapiente aliquid dicta suscipit reiciendis minima.', 337, 0, 11, '2017-12-23 04:12:46', '2017-12-23 04:12:46'),
(103, 'minima', 'Qui iusto ut voluptatum nobis nam laboriosam in. Qui exercitationem ducimus pariatur. Itaque praesentium aut et voluptatem. Quia ad velit mollitia odio magnam amet.', 57, 7, 13, '2017-12-23 04:12:46', '2017-12-23 04:12:46'),
(104, 'totam', 'Unde est nulla porro aut minus. Mollitia optio quia commodi voluptas odit est repellendus. Omnis at accusantium quisquam vel sed veniam.', 257, 7, 10, '2017-12-23 04:12:46', '2017-12-23 04:12:46'),
(105, 'voluptatibus', 'Quasi et ex rerum dolores. Aut cupiditate voluptatibus doloremque porro assumenda aut deleniti veniam. Iusto unde optio voluptate in cumque et.', 176, 8, 30, '2017-12-23 04:12:46', '2017-12-23 04:12:46'),
(106, 'illo', 'Mollitia cum reprehenderit perspiciatis id. Eaque est minus reiciendis. Ut provident maiores nemo soluta.', 490, 8, 10, '2017-12-23 04:12:46', '2017-12-23 04:12:46'),
(107, 'eos', 'Non est autem excepturi non quidem veniam rerum. Qui ullam ducimus voluptates cum autem. Necessitatibus est architecto possimus modi vero voluptatem. Eos minima ut optio et illum nostrum.', 360, 2, 15, '2017-12-23 04:12:46', '2017-12-23 04:12:46'),
(108, 'molestiae', 'Optio aliquam voluptatem ut rerum illum. Error ullam ut ea. Et at corporis aspernatur tenetur. Libero voluptatem sunt maiores quis debitis.', 359, 3, 19, '2017-12-23 04:12:46', '2017-12-23 04:12:46'),
(109, 'voluptas', 'Consequatur recusandae sint labore voluptatem cupiditate. Dolores non autem ducimus debitis. Et rerum eum est illum quis debitis est. Dolor a explicabo tempore sunt provident eum sed.', 381, 7, 16, '2017-12-23 04:12:46', '2017-12-23 04:12:46'),
(110, 'cupiditate', 'Sit delectus architecto illo pariatur sunt placeat. Enim odio cumque nobis. Ut molestiae accusamus iure et aut.', 17, 3, 16, '2017-12-23 04:12:46', '2017-12-23 04:12:46'),
(111, 'nihil', 'Aperiam expedita vel nobis nesciunt vel rem et. Vel et eum cupiditate sit. Fuga possimus voluptatibus nulla optio debitis nulla. Sunt molestias sit incidunt quibusdam.', 357, 6, 8, '2017-12-23 04:12:46', '2017-12-23 04:12:46'),
(112, 'necessitatibus', 'Numquam ea rerum tempore magnam et voluptas. Minima ipsa necessitatibus veniam qui excepturi et. Ducimus dolores magnam illo tempora vitae vitae. Eius voluptatum et et aliquid et.', 459, 6, 7, '2017-12-23 04:12:46', '2017-12-23 04:12:46'),
(113, 'quas', 'Qui culpa illum dolorem qui animi itaque. Nobis aut nesciunt alias quasi et omnis. Quas similique ducimus aliquam aut.', 290, 6, 26, '2017-12-23 04:12:46', '2017-12-23 04:12:46'),
(114, 'sit', 'At dolore omnis magnam non quia dolore deleniti. Modi consequuntur voluptates minus. Omnis expedita voluptas hic pariatur nam. Eos quo cupiditate porro ut.', 123, 3, 23, '2017-12-23 04:12:46', '2017-12-23 04:12:46'),
(115, 'voluptatem', 'Repudiandae perspiciatis dolores natus ducimus. Et et reiciendis occaecati ullam eaque. Ut facere exercitationem et possimus ad.', 96, 3, 29, '2017-12-23 04:12:46', '2017-12-23 04:12:46'),
(116, 'dignissimos', 'Rerum laboriosam nobis voluptas earum. A labore vero maiores quia.', 100, 1, 25, '2017-12-23 04:12:46', '2017-12-23 04:12:46'),
(117, 'corrupti', 'Earum rerum ea debitis rem voluptates. Sit eos doloribus laborum laborum necessitatibus aut. Nihil possimus dolorem dolor vel numquam saepe quis. Unde nihil recusandae culpa aut odio sint.', 68, 3, 22, '2017-12-23 04:12:46', '2017-12-23 04:12:46'),
(118, 'ipsam', 'Vero autem est et. Repudiandae provident et cumque. Dolor deleniti et ea facere et. Optio et fuga eius vero et omnis sed.', 300, 4, 25, '2017-12-23 04:12:46', '2017-12-23 04:12:46'),
(119, 'ea', 'Sunt autem eum est occaecati reprehenderit accusamus ea. Doloribus nihil nemo dolorem est adipisci ut est iure. Voluptas qui blanditiis quis rerum.', 402, 5, 30, '2017-12-23 04:12:46', '2017-12-23 04:12:46'),
(120, 'tempora', 'Fuga voluptas facere illo aut dolorem aliquam ad. Ratione quo totam a repudiandae dolores. Id vero iste porro ullam dolores est ea. Cum debitis voluptatem sint distinctio rerum.', 344, 5, 16, '2017-12-23 04:12:46', '2017-12-23 04:12:46'),
(121, 'occaecati', 'Voluptas nesciunt impedit voluptatem quia optio. Dolorem quibusdam magnam soluta voluptatem consequatur eveniet officiis. Est aliquam et fugit voluptatum cum veritatis voluptas.', 84, 6, 14, '2017-12-23 04:12:46', '2017-12-23 04:12:46'),
(122, 'qui', 'Debitis deserunt quam nisi sed nostrum ut. Dolorum velit quo blanditiis omnis. Ducimus nihil natus consequatur ipsa.', 164, 1, 7, '2017-12-23 04:12:46', '2017-12-23 04:12:46'),
(123, 'dolorem', 'Recusandae illo quam dolores harum sit et. Maxime aut illo doloremque et molestias. Repudiandae soluta possimus atque ut. Hic totam reiciendis vel id et vel aspernatur.', 318, 4, 25, '2017-12-23 04:12:46', '2017-12-23 04:12:46'),
(124, 'ullam', 'Voluptate unde dicta illo dolore ea. Ad quia dolores ad dolorum assumenda sit. Optio nemo voluptatem totam suscipit voluptate.', 261, 6, 16, '2017-12-23 04:12:46', '2017-12-23 04:12:46'),
(125, 'impedit', 'Non ducimus omnis eveniet vitae sit expedita tenetur. Quia architecto sunt est aut blanditiis enim. Ut dignissimos eligendi quas ea quia.', 500, 3, 29, '2017-12-23 04:12:46', '2017-12-23 04:12:46'),
(126, 'atque', 'Error rerum dolorem aliquam temporibus quia maxime aspernatur. Quasi occaecati dolorem quibusdam. Praesentium numquam qui quis est est dolorem. Quas necessitatibus et deserunt.', 483, 6, 27, '2017-12-23 04:12:46', '2017-12-23 04:12:46'),
(127, 'ea', 'Veniam hic debitis necessitatibus reiciendis natus vel. Vel at libero qui recusandae est accusamus. Consequatur atque voluptatibus quos eos deleniti ratione. Sit voluptatem natus eos possimus enim.', 20, 0, 12, '2017-12-23 04:12:46', '2017-12-23 04:12:46'),
(128, 'consequatur', 'Natus et necessitatibus voluptatibus autem. Voluptatibus itaque rerum sed asperiores et autem. Laborum rerum tenetur voluptates eaque consectetur.', 25, 9, 9, '2017-12-23 04:12:46', '2017-12-23 04:12:46'),
(129, 'cupiditate', 'Non explicabo dolor est ea. Dicta repellat qui sit quia. Exercitationem quas molestiae ipsum sit aut aperiam omnis velit. Qui expedita temporibus est est.', 248, 9, 21, '2017-12-23 04:12:46', '2017-12-23 04:12:46'),
(130, 'ad', 'Nesciunt maxime exercitationem mollitia asperiores quasi. Ad nulla velit corrupti nobis et.', 188, 9, 6, '2017-12-23 04:12:46', '2017-12-23 04:12:46'),
(131, 'architecto', 'Neque enim aut illum quis doloremque saepe deleniti. Ducimus rerum unde ut dicta voluptas autem quis. Ea magnam sint rerum velit. Nisi qui sit laboriosam voluptatibus beatae ex.', 257, 9, 25, '2017-12-23 04:12:46', '2017-12-23 04:12:46'),
(132, 'ut', 'Aut nesciunt consequatur provident porro et natus iste. Qui maxime assumenda autem doloremque voluptatem facilis inventore. Maiores animi optio quibusdam nobis quo. Vitae enim qui nulla voluptatem.', 453, 9, 9, '2017-12-23 04:12:46', '2017-12-23 04:12:46'),
(133, 'deleniti', 'Sed minus dolore porro ducimus consequatur qui. Odit sit beatae sint ut facere. Deleniti porro itaque quo dolorem magnam eos quo. Accusamus ut et quidem possimus.', 280, 2, 11, '2017-12-23 04:12:46', '2017-12-23 04:12:46'),
(134, 'eum', 'Laboriosam dolores dolorum cumque quibusdam eveniet. Nihil consequatur eos sed eius harum minima a. Qui eos consectetur sapiente optio.', 44, 4, 19, '2017-12-23 04:12:46', '2017-12-23 04:12:46'),
(135, 'a', 'Officia quia odit soluta. Id est voluptatem non vero eligendi corporis reiciendis. Ut tenetur sunt excepturi velit delectus consectetur. Et non fugiat quia et.', 32, 7, 21, '2017-12-23 04:12:46', '2017-12-23 04:12:46'),
(136, 'eius', 'Dolorem at deleniti cupiditate repellendus. At voluptatum neque consectetur esse enim praesentium qui. Dolores eius beatae doloribus doloremque. Quaerat hic deserunt quisquam.', 289, 7, 5, '2017-12-23 04:12:46', '2017-12-23 04:12:46'),
(137, 'itaque', 'Pariatur maiores ut odit corporis vitae. Ad nobis doloribus est. Est rerum iusto consequuntur natus adipisci. Labore aut qui aliquam ut ea quis perspiciatis.', 367, 3, 23, '2017-12-23 04:12:46', '2017-12-23 04:12:46'),
(138, 'autem', 'Minima aliquam ipsum laudantium nisi officiis delectus ut totam. Blanditiis ab soluta quia debitis rerum et illum velit.', 442, 3, 10, '2017-12-23 04:12:46', '2017-12-23 04:12:46'),
(139, 'amet', 'Odit assumenda ex fugit reprehenderit dolor dolor vel. Et distinctio omnis ut et excepturi aut nesciunt error. In repellendus magnam ipsam eaque aut. Ut et et qui rem consectetur molestias.', 405, 6, 6, '2017-12-23 04:12:46', '2017-12-23 04:12:46'),
(140, 'ratione', 'Atque est omnis delectus quis quaerat ut cupiditate. Eius sed modi est numquam iusto fugiat dolorum. Quasi reprehenderit aspernatur voluptatum praesentium quia dolor omnis distinctio.', 20, 6, 11, '2017-12-23 04:12:46', '2017-12-23 04:12:46'),
(141, 'aut', 'Distinctio eos laborum quo ea et eligendi maiores. Qui necessitatibus aut suscipit tenetur. Consequatur molestias aut aut omnis reprehenderit possimus. Est quia dicta non id fugiat est.', 496, 8, 6, '2017-12-23 04:12:46', '2017-12-23 04:12:46'),
(142, 'est', 'Eum voluptatum nulla doloribus. Eum minus illo maiores. Consequuntur totam illum vitae architecto praesentium eaque suscipit. Commodi est voluptatem nemo veritatis doloribus.', 107, 1, 12, '2017-12-23 04:12:46', '2017-12-23 04:12:46'),
(143, 'in', 'Adipisci sequi voluptatem quod ut quia sunt. Repellat nesciunt magnam est minus illum illo. Et excepturi consequatur consequatur ratione ratione quia perspiciatis.', 413, 8, 26, '2017-12-23 04:12:46', '2017-12-23 04:12:46'),
(144, 'repellat', 'Voluptatem molestiae saepe incidunt minus aut exercitationem. Quia natus adipisci reiciendis at. Deleniti voluptatem dicta eaque vel.', 158, 1, 28, '2017-12-23 04:12:46', '2017-12-23 04:12:46'),
(145, 'libero', 'Illum ut et deserunt necessitatibus voluptate ut. Dolore sapiente asperiores eum officiis voluptatibus commodi. Temporibus aut quis aperiam non.', 91, 5, 20, '2017-12-23 04:12:46', '2017-12-23 04:12:46'),
(146, 'cum', 'Incidunt vero ipsam aliquid labore voluptatibus. Iusto corrupti eius amet incidunt et harum nostrum. Voluptatibus aut deserunt ut quisquam aut. Perferendis rerum quisquam animi in ut quas.', 370, 7, 25, '2017-12-23 04:12:46', '2017-12-23 04:12:46'),
(147, 'eum', 'Qui eaque laboriosam velit illum ea quam amet. Molestias sit quibusdam perspiciatis aut cumque. Ex assumenda vitae molestias amet.', 500, 1, 22, '2017-12-23 04:12:46', '2017-12-23 04:12:46'),
(148, 'quidem', 'Vel voluptatibus recusandae in cum. Saepe aut corporis nam ipsa saepe accusamus. Quaerat maxime velit sint doloribus ut. Consequuntur maxime vel incidunt dolorem autem omnis.', 118, 9, 20, '2017-12-23 04:12:46', '2017-12-23 04:12:46'),
(149, 'quia', 'Aliquam sint modi eveniet voluptatem velit optio qui. Harum officiis minima earum nihil dolores animi in unde. Laboriosam et et architecto ut eius.', 206, 9, 25, '2017-12-23 04:12:46', '2017-12-23 04:12:46'),
(150, 'architecto', 'Eaque rerum molestiae voluptatum vel maiores voluptas. At ea qui nisi iste. Repudiandae quam omnis cumque distinctio in sint.', 332, 1, 29, '2017-12-23 04:12:46', '2017-12-23 04:12:46'),
(151, 'qui', 'Impedit aut voluptas eos maiores nulla aut. Labore ut autem quia. Ratione unde et commodi et est nostrum commodi natus.', 241, 0, 13, '2017-12-23 04:12:46', '2017-12-23 04:12:46'),
(152, 'nam', 'Impedit sit non animi iusto dolorem. Magni voluptatem eos repudiandae voluptatem. Dignissimos itaque vitae sunt pariatur. Hic maiores dolor qui omnis expedita ea.', 138, 3, 18, '2017-12-23 04:12:46', '2017-12-23 04:12:46'),
(153, 'voluptates', 'At sed ducimus nesciunt. Aut optio assumenda itaque est necessitatibus in. Est delectus sunt rerum.', 459, 4, 17, '2017-12-23 04:12:46', '2017-12-23 04:12:46'),
(154, 'animi', 'Rerum corrupti eaque nemo aut reprehenderit sit. Vero excepturi adipisci qui facilis optio vel. Error eius eos neque sunt error est asperiores.', 456, 3, 10, '2017-12-23 04:12:46', '2017-12-23 04:12:46'),
(155, 'harum', 'Quos et quaerat sed odit autem et incidunt. Tempora qui nihil sapiente. Voluptatibus error quia recusandae velit sint dolores nostrum. Repudiandae illum et aut debitis harum non nostrum.', 168, 0, 14, '2017-12-23 04:12:46', '2017-12-23 04:12:46'),
(156, 'minus', 'In qui quis omnis corporis optio et id. Earum doloribus dolore magnam consequatur sit non quam. Nihil alias recusandae quia.', 421, 2, 21, '2017-12-23 04:12:46', '2017-12-23 04:12:46'),
(157, 'facilis', 'Cum sapiente itaque dolor omnis aspernatur tempore sint. Quasi vero hic culpa qui. Quidem molestias eum ullam rerum nihil at illo. Ad velit aliquam autem autem.', 489, 3, 15, '2017-12-23 04:12:46', '2017-12-23 04:12:46'),
(158, 'est', 'Deleniti porro et nostrum sed aut. Illo praesentium consequatur animi dolor quia et. Magni alias neque at voluptatum.', 69, 8, 29, '2017-12-23 04:12:46', '2017-12-23 04:12:46'),
(159, 'rerum', 'Odio aut qui et accusantium mollitia odio velit. Et expedita velit a ipsa temporibus et a. Voluptatibus repellat sunt repudiandae aut. Sit est voluptatem qui et quibusdam.', 330, 0, 16, '2017-12-23 04:12:46', '2017-12-23 04:12:46'),
(160, 'eum', 'Aut omnis quis eos minus et sed alias. Consequatur minus quod ut natus.', 122, 0, 8, '2017-12-23 04:12:46', '2017-12-23 04:12:46'),
(161, 'enim', 'Aliquam eius consectetur illum ex eveniet placeat quidem non. Dolorem beatae consectetur reprehenderit aut omnis error culpa minima. Expedita quia dolorum enim laborum ad ut.', 81, 2, 15, '2017-12-23 04:12:46', '2017-12-23 04:12:46'),
(162, 'numquam', 'Maiores ut ratione eum sunt deleniti. Ut sunt quia cum sed totam. Perspiciatis dicta enim vel eos consectetur eos ratione.', 97, 0, 5, '2017-12-23 04:12:46', '2017-12-23 04:12:46'),
(163, 'non', 'Voluptatum aliquam molestiae deleniti blanditiis non nostrum. Dolor distinctio et quae quaerat voluptas. Non adipisci id aliquam hic. Omnis dicta nulla totam vero.', 470, 7, 24, '2017-12-23 04:12:46', '2017-12-23 04:12:46'),
(164, 'qui', 'Architecto sed nemo et autem vitae quis. In et eveniet debitis velit laboriosam. Laudantium vero voluptas dolore aut. Recusandae necessitatibus dolorem aut aspernatur quo temporibus.', 487, 8, 19, '2017-12-23 04:12:46', '2017-12-23 04:12:46'),
(165, 'dolore', 'Rerum mollitia architecto magnam omnis enim vitae praesentium ab. Excepturi rerum omnis ab aut fugiat sit. Sequi sed dolor dolores voluptas vel.', 142, 1, 8, '2017-12-23 04:12:46', '2017-12-23 04:12:46'),
(166, 'libero', 'Tempore magni animi odio. Provident occaecati molestiae architecto laborum adipisci sequi. Autem provident dolorem earum sint. Perferendis est consequatur ut iste quia.', 409, 9, 18, '2017-12-23 04:12:46', '2017-12-23 04:12:46'),
(167, 'harum', 'Aut veritatis enim molestiae vitae ex fuga at. Facilis vel et maiores incidunt ducimus perspiciatis odit. Qui et necessitatibus qui quidem corporis facere. Nihil qui quasi culpa vel corporis.', 212, 8, 11, '2017-12-23 04:12:46', '2017-12-23 04:12:46'),
(168, 'in', 'Officiis quibusdam est placeat qui in commodi. Et aut et qui ab eius quidem aut ipsum. Temporibus sit consequatur quia aliquam. Et eum mollitia iusto expedita vel placeat.', 198, 6, 23, '2017-12-23 04:12:46', '2017-12-23 04:12:46'),
(169, 'corrupti', 'Voluptas minima amet nesciunt ducimus in modi aut occaecati. In voluptatem ipsam et praesentium aperiam. Dolor sed incidunt odio rerum.', 223, 8, 5, '2017-12-23 04:12:46', '2017-12-23 04:12:46'),
(170, 'velit', 'Voluptas blanditiis consequatur minus et porro repudiandae sed eaque. Et veniam dolor harum earum voluptatem eaque totam praesentium. Assumenda velit aut et.', 214, 0, 20, '2017-12-23 04:12:46', '2017-12-23 04:12:46'),
(171, 'cum', 'Quia labore ipsa ut ut ipsa iste suscipit. Deleniti quasi aliquid dignissimos. Recusandae aut laudantium sit dicta et.', 377, 1, 23, '2017-12-23 04:12:46', '2017-12-23 04:12:46'),
(172, 'animi', 'Nulla rerum pariatur dolorem in blanditiis qui. Ea eum quidem eum illo explicabo dolorem. Saepe incidunt sint accusamus autem vero voluptatum aliquid labore.', 254, 3, 5, '2017-12-23 04:12:46', '2017-12-23 04:12:46'),
(173, 'nobis', 'Dolore in mollitia et omnis asperiores ratione aliquam rem. Alias repellat maxime illum eius modi sint. Ipsam architecto unde maiores sit delectus.', 479, 3, 13, '2017-12-23 04:12:46', '2017-12-23 04:12:46'),
(174, 'autem', 'Itaque sit provident ratione voluptas. Illo consectetur neque non modi exercitationem. Aliquam sed et nihil eos provident ut. Ducimus occaecati praesentium et maiores minima animi nostrum aperiam.', 130, 6, 11, '2017-12-23 04:12:46', '2017-12-23 04:12:46'),
(175, 'sint', 'Nemo rem voluptatem voluptatum. Expedita omnis dolorem illum voluptatem sint impedit nihil perferendis. Mollitia temporibus omnis soluta atque cumque rerum.', 476, 6, 12, '2017-12-23 04:12:46', '2017-12-23 04:12:46'),
(176, 'autem', 'Ut repudiandae itaque quia. Maiores libero quam in ab molestiae qui distinctio facere. Eaque ullam rem eum incidunt doloremque qui.', 291, 7, 18, '2017-12-23 04:12:46', '2017-12-23 04:12:46'),
(177, 'ipsum', 'Aut dignissimos libero possimus ad et. Et rerum facilis quibusdam omnis maiores. Enim veritatis ut inventore pariatur unde adipisci sunt.', 332, 5, 27, '2017-12-23 04:12:46', '2017-12-23 04:12:46'),
(178, 'aut', 'Est voluptatum vel est qui commodi occaecati. Quis molestiae sit maiores ut et neque dolores. Id commodi deserunt commodi sapiente. Corrupti quas voluptas vel explicabo consequatur.', 286, 4, 13, '2017-12-23 04:12:46', '2017-12-23 04:12:46'),
(179, 'fugiat', 'Mollitia hic sit enim velit ex nulla veniam. Dolorum repudiandae dolor cupiditate et quasi repudiandae id. Libero fugiat sapiente est quibusdam architecto nihil.', 149, 0, 6, '2017-12-23 04:12:46', '2017-12-23 04:12:46'),
(180, 'qui', 'Quae doloribus id rerum ea porro debitis sunt. Et nihil velit ad voluptates incidunt rem qui. Laudantium sit molestias dolor totam explicabo voluptatem commodi sed.', 410, 4, 23, '2017-12-23 04:12:46', '2017-12-23 04:12:46'),
(181, 'voluptatibus', 'Recusandae architecto sit error modi rerum voluptatem. Illum minima deleniti voluptatum ducimus voluptatum reprehenderit.', 125, 8, 9, '2017-12-23 04:12:46', '2017-12-23 04:12:46'),
(182, 'dolorem', 'Quae excepturi aut officiis. Molestias facilis dolore veniam sit sed tempora.', 186, 9, 28, '2017-12-23 04:12:46', '2017-12-23 04:12:46'),
(183, 'perferendis', 'Libero non esse temporibus est exercitationem. Fuga eos provident quis ullam. Numquam quia rerum ut ut ipsum ab. Eum consequatur aut corrupti deserunt. Qui voluptatem velit aspernatur.', 39, 4, 19, '2017-12-23 04:12:46', '2017-12-23 04:12:46'),
(184, 'voluptatem', 'Id saepe quia sint veritatis quaerat neque. Velit aut amet eaque. Quaerat aut nihil distinctio nulla blanditiis quod quam.', 485, 1, 7, '2017-12-23 04:12:46', '2017-12-23 04:12:46'),
(185, 'ullam', 'Magni reiciendis quasi mollitia sed voluptatum. Repudiandae id et aut dicta et. Sit voluptatem unde nemo voluptatem. Ad eum maxime explicabo.', 77, 8, 28, '2017-12-23 04:12:46', '2017-12-23 04:12:46'),
(186, 'odio', 'Reprehenderit distinctio dolorum aut illum voluptatem eum eius. Et voluptas provident at quis ab dolorum non. Cupiditate consectetur voluptatem dolore aut aut autem.', 160, 5, 7, '2017-12-23 04:12:46', '2017-12-23 04:12:46'),
(187, 'quia', 'Quaerat non quod voluptatem consequatur numquam dolores. Velit est labore non optio. Rerum corrupti doloribus tempore esse in.', 30, 8, 6, '2017-12-23 04:12:46', '2017-12-23 04:12:46'),
(188, 'provident', 'Dicta eum aliquam accusantium assumenda qui quia nostrum. Laudantium exercitationem ut fugit. Nihil saepe non aut sed eaque ut.', 184, 5, 17, '2017-12-23 04:12:46', '2017-12-23 04:12:46'),
(189, 'aut', 'Rerum impedit voluptate ipsam vel. Velit dolor sit corporis sit ducimus voluptas laboriosam.', 111, 3, 10, '2017-12-23 04:12:46', '2017-12-23 04:12:46'),
(190, 'dignissimos', 'Voluptatem itaque dolorem tempore fuga laboriosam vero dolor vero. Adipisci recusandae nobis ut atque excepturi. Nam non quae minima eligendi porro sint voluptas assumenda.', 127, 6, 5, '2017-12-23 04:12:46', '2017-12-23 04:12:46'),
(191, 'sequi', 'Saepe occaecati delectus assumenda et eos in fugit. Perspiciatis officiis repellat aliquam labore. Sapiente autem porro aliquid ut et. Veritatis qui et aut aut porro perferendis.', 14, 0, 16, '2017-12-23 04:12:46', '2017-12-23 04:12:46'),
(192, 'saepe', 'Excepturi a sequi adipisci odit. Eum non architecto id. Rerum voluptatem aliquam ipsam. Minima eius quis qui officiis corrupti.', 29, 4, 20, '2017-12-23 04:12:46', '2017-12-23 04:12:46'),
(193, 'veniam', 'Dolorem quod dignissimos eaque est dicta molestiae qui odit. Magni sunt molestias et enim. Error illo sit ab doloribus. Doloribus eaque voluptates sit esse eaque enim velit aspernatur.', 394, 9, 20, '2017-12-23 04:12:46', '2017-12-23 04:12:46'),
(194, 'velit', 'A quo occaecati maiores iusto similique recusandae provident inventore. Quas nostrum voluptatum eum aperiam quod nesciunt ad inventore. Commodi eveniet neque maiores a.', 454, 5, 29, '2017-12-23 04:12:46', '2017-12-23 04:12:46'),
(195, 'ipsa', 'Consequatur corrupti sequi nostrum molestiae culpa dolorem. Exercitationem ut error voluptas doloribus ratione. Dolorem maiores doloremque distinctio earum adipisci.', 434, 5, 9, '2017-12-23 04:12:46', '2017-12-23 04:12:46'),
(196, 'eaque', 'Et iure aut dolorem nihil. Veritatis odit et voluptatem nihil enim molestiae in ut. Et doloribus qui ducimus optio. Tempore quo voluptatum ea iure.', 426, 8, 19, '2017-12-23 04:12:46', '2017-12-23 04:12:46'),
(197, 'pariatur', 'Doloremque ipsam cum quos qui qui repudiandae. Repudiandae et est et veritatis odio iusto assumenda. Id quae provident amet quo fuga praesentium debitis quod.', 424, 7, 18, '2017-12-23 04:12:46', '2017-12-23 04:12:46'),
(198, 'laboriosam', 'Illo porro corrupti dignissimos quae. Veritatis sed autem assumenda aliquid unde ea quibusdam. Modi autem et et dolores placeat.', 315, 6, 5, '2017-12-23 04:12:46', '2017-12-23 04:12:46'),
(199, 'neque', 'Dolorem accusantium sit doloremque id maxime sed debitis. Et repellat porro excepturi delectus minus alias reiciendis.', 298, 3, 12, '2017-12-23 04:12:46', '2017-12-23 04:12:46'),
(200, 'maiores', 'Corrupti consequatur architecto sapiente dicta quia. Id est et quasi reprehenderit sit quod.', 318, 5, 14, '2017-12-23 04:12:46', '2017-12-23 04:12:46');

-- --------------------------------------------------------

--
-- Table structure for table `reviews`
--

CREATE TABLE `reviews` (
  `id` int(10) UNSIGNED NOT NULL,
  `product_id` int(10) UNSIGNED NOT NULL,
  `customer` varchar(191) COLLATE utf8mb4_unicode_ci NOT NULL,
  `review` text COLLATE utf8mb4_unicode_ci NOT NULL,
  `star` int(11) NOT NULL,
  `created_at` timestamp NULL DEFAULT NULL,
  `updated_at` timestamp NULL DEFAULT NULL
) ENGINE=MyISAM DEFAULT CHARSET=utf8mb4 COLLATE=utf8mb4_unicode_ci;

--
-- Dumping data for table `reviews`
--

INSERT INTO `reviews` (`id`, `product_id`, `customer`, `review`, `star`, `created_at`, `updated_at`) VALUES
(1, 73, 'Ralph Bode', 'Sed nisi voluptatum ut ea omnis officia consequuntur. Nulla ut est est numquam fuga ea. Numquam itaque et est reprehenderit vitae molestiae. Aliquid praesentium harum vel beatae perspiciatis incidunt voluptas.', 3, '2017-12-23 04:12:55', '2017-12-23 04:12:55'),
(2, 120, 'Dr. Ayden Kutch', 'Sapiente possimus quia et cupiditate aperiam repellendus asperiores. Velit provident et odit repudiandae.', 5, '2017-12-23 04:12:55', '2017-12-23 04:12:55'),
(3, 111, 'Emmie Howell', 'Unde dolor modi unde modi dolores velit et. Omnis dolores cum aut repellat incidunt. Est aliquam suscipit vero similique velit. Aut eum unde soluta ad et dolores. Expedita aut repudiandae aliquam et fugit blanditiis qui.', 5, '2017-12-23 04:12:55', '2017-12-23 04:12:55'),
(4, 147, 'Bridie Lebsack', 'Quas neque quo cupiditate quia ullam amet. Ad dolor consequatur dolorum voluptatem. Voluptas fugiat aut voluptatem dolores rerum adipisci sit inventore.', 4, '2017-12-23 04:12:55', '2017-12-23 04:12:55'),
(5, 61, 'Raymond Johns', 'Ea doloribus officiis reprehenderit ut illo. Totam aut perspiciatis fuga voluptas placeat est qui. Distinctio vitae rerum sint reprehenderit earum ut.', 3, '2017-12-23 04:12:55', '2017-12-23 04:12:55'),
(6, 49, 'Dante Rohan', 'Et autem labore ut architecto repellendus aut tempore. Rerum cumque sapiente qui ullam ut incidunt accusamus. Debitis rerum et quo molestiae quam labore.', 4, '2017-12-23 04:12:55', '2017-12-23 04:12:55'),
(7, 83, 'Joanny Schumm', 'Reprehenderit rem modi vel. Alias ipsam quae ex omnis voluptatem. Eligendi ipsa expedita voluptatem error tempore. Neque reiciendis deserunt aut magnam debitis.', 4, '2017-12-23 04:12:55', '2017-12-23 04:12:55'),
(8, 102, 'Terrence Jacobs', 'In necessitatibus quia quae iusto esse et officiis. Architecto rerum ut quidem rem et beatae totam. Itaque eveniet ex temporibus voluptatem.', 1, '2017-12-23 04:12:55', '2017-12-23 04:12:55'),
(9, 126, 'Fannie Marks', 'In et debitis cupiditate qui accusantium praesentium et. Distinctio nihil porro laboriosam possimus. Voluptatum enim qui debitis et odit eveniet eligendi molestiae. Aut rerum voluptatem occaecati ratione.', 0, '2017-12-23 04:12:55', '2017-12-23 04:12:55'),
(10, 190, 'Elmira Zboncak III', 'Explicabo libero doloremque pariatur a. Non enim voluptatem quasi sunt. Quam unde ex laboriosam doloribus sed consequatur.', 2, '2017-12-23 04:12:55', '2017-12-23 04:12:55'),
(11, 114, 'Brandt Macejkovic', 'Rerum quo eum quos et. Ipsam neque eum voluptatem corrupti aut sed sequi est.', 2, '2017-12-23 04:12:55', '2017-12-23 04:12:55'),
(12, 87, 'Gerald Rogahn', 'Dicta ut nam consequatur et impedit quaerat. Autem sint recusandae non et ut consectetur. Dolorum fugiat iste quisquam voluptas quo voluptatem.', 0, '2017-12-23 04:12:55', '2017-12-23 04:12:55'),
(13, 181, 'Mrs. Ayana Bosco IV', 'Adipisci modi dolores est ea culpa velit non. Velit et enim et mollitia magni. Eligendi omnis accusamus similique explicabo tempora vero. Ut facilis ipsam ut sint.', 4, '2017-12-23 04:12:55', '2017-12-23 04:12:55'),
(14, 84, 'Mrs. Dorothea Wilderman MD', 'Nobis vel error voluptatem voluptas. Non omnis veritatis sit commodi voluptatum eligendi vel. Facere quasi possimus ut vitae incidunt.', 0, '2017-12-23 04:12:55', '2017-12-23 04:12:55'),
(15, 185, 'Effie Casper', 'Quaerat architecto voluptatibus placeat quis vero voluptatum. Sit voluptatem odio voluptatem saepe. Eum quia quisquam eos ipsum. Vel placeat vitae rerum laborum occaecati id sed.', 0, '2017-12-23 04:12:55', '2017-12-23 04:12:55'),
(16, 30, 'Casey Koch', 'Sunt et commodi et porro natus. Esse sequi dolores aliquam consequatur dolore. Est corrupti ut sit omnis et sunt. Nisi dolorem aut aut laudantium.', 5, '2017-12-23 04:12:55', '2017-12-23 04:12:55'),
(17, 4, 'Bert Waelchi', 'Quidem cupiditate ut quia est necessitatibus. Hic est est maiores minus asperiores. Minima quia fuga hic aliquam vitae. Beatae reiciendis hic aliquid eligendi labore accusantium.', 3, '2017-12-23 04:12:55', '2017-12-23 04:12:55'),
(18, 16, 'Kara Eichmann', 'Repellendus sequi ad eveniet accusamus tempora. Accusantium quis sequi aut et et sit. Earum labore nisi laboriosam dicta error expedita voluptas incidunt.', 3, '2017-12-23 04:12:55', '2017-12-23 04:12:55'),
(19, 19, 'Carleton Nader DDS', 'Necessitatibus ab molestiae expedita. Error eos voluptas voluptatem. Alias asperiores sed repellendus quae. Eum aut quod ut et.', 5, '2017-12-23 04:12:55', '2017-12-23 04:12:55'),
(20, 74, 'Gloria Pollich', 'Id voluptatibus rerum qui sed sed culpa sed. At tempora voluptates dolor quia voluptatem harum. Ex debitis et qui vel tempora harum hic.', 2, '2017-12-23 04:12:55', '2017-12-23 04:12:55'),
(21, 29, 'Prof. Devon Bahringer', 'Et dolor rerum qui fugiat. Vitae rem et et. Non iste reiciendis cum corporis sit ab. Fuga in ut sunt ut veritatis et est dignissimos. Et libero iusto aperiam.', 4, '2017-12-23 04:12:55', '2017-12-23 04:12:55'),
(22, 142, 'Jalon Metz', 'Et et rerum eligendi ipsa ut eveniet sed. Ut doloremque itaque distinctio et aperiam voluptatem esse ea.', 4, '2017-12-23 04:12:55', '2017-12-23 04:12:55'),
(23, 1, 'Miss Georgiana Yundt PhD', 'Dolor nisi iusto libero reiciendis minus. Non autem et et. Cum aut itaque laborum facilis. Quibusdam voluptates sed pariatur veniam maxime cupiditate ut.', 2, '2017-12-23 04:12:55', '2017-12-23 04:12:55'),
(24, 193, 'Constantin Bradtke', 'Asperiores recusandae voluptate nostrum maiores velit. Consequatur ut ut nobis sit nihil. Eligendi autem eaque fugiat. Animi aperiam dolorem veniam quaerat sequi iste.', 5, '2017-12-23 04:12:55', '2017-12-23 04:12:55'),
(25, 99, 'Dr. Jon Carroll', 'Ullam quia rerum cum et. Voluptates sint atque molestiae. Et hic assumenda distinctio ea est provident esse.', 1, '2017-12-23 04:12:55', '2017-12-23 04:12:55'),
(26, 110, 'Miss Cierra Carter', 'Doloremque et ad facilis dolorem laborum aut voluptates. Ut iusto culpa ratione eaque fugit. Minus aliquid possimus magni beatae. Ipsum exercitationem soluta ut laudantium quod.', 0, '2017-12-23 04:12:55', '2017-12-23 04:12:55'),
(27, 140, 'Christian Friesen', 'Quia illum magnam eveniet sit non ea doloremque earum. Perspiciatis autem doloremque iure voluptatum quia. Repudiandae cum reprehenderit minus iste quia sunt. Aut quod et quos error est.', 3, '2017-12-23 04:12:55', '2017-12-23 04:12:55'),
(28, 75, 'Skye Wuckert', 'Expedita temporibus neque consectetur veniam ut iste. Ad velit sint eum adipisci quia explicabo optio ea. Quia corporis enim quia exercitationem sunt. Facere explicabo qui voluptates.', 5, '2017-12-23 04:12:55', '2017-12-23 04:12:55'),
(29, 52, 'Dino Dickinson', 'Hic id dolor sit ut ipsam quidem hic. Aperiam voluptatem qui fuga et ex sit quibusdam. Quia quo nihil sit et laboriosam non fugit.', 0, '2017-12-23 04:12:55', '2017-12-23 04:12:55'),
(30, 186, 'Rod Pfeffer', 'Ab molestias minima dolores nemo harum itaque similique. Aut at dolorem eveniet beatae sit et. Saepe quibusdam debitis exercitationem maxime reprehenderit ea delectus.', 0, '2017-12-23 04:12:55', '2017-12-23 04:12:55'),
(31, 178, 'Lawrence Olson II', 'Necessitatibus eveniet voluptate et ut. Consequatur a corrupti totam. Impedit et quibusdam accusantium omnis dolor. Ut eaque animi qui quo aperiam suscipit.', 0, '2017-12-23 04:12:55', '2017-12-23 04:12:55'),
(32, 197, 'Weston Murazik', 'Atque quis et quia laboriosam quaerat. Similique ipsum reprehenderit est vel et voluptas debitis. Iure nemo sit et qui nisi voluptatem qui. Ab quos est quo eos est impedit.', 2, '2017-12-23 04:12:55', '2017-12-23 04:12:55'),
(33, 154, 'Prof. Harley Rosenbaum DDS', 'Fugiat minima nemo qui. Et tempore harum ut. Quam totam blanditiis et.', 4, '2017-12-23 04:12:55', '2017-12-23 04:12:55'),
(34, 21, 'Silas Bashirian', 'Ratione sed quis nisi pariatur in. Natus et et sed quia praesentium cupiditate eum vel. Voluptas odit qui delectus non quo sint provident. Et tempore illum at aut omnis.', 3, '2017-12-23 04:12:55', '2017-12-23 04:12:55'),
(35, 108, 'Prof. Demario Nader I', 'Eum quis nostrum dignissimos sequi neque ut. Rerum quia optio aperiam veniam et natus reiciendis. Mollitia doloribus dolor accusantium nam numquam dolorem.', 0, '2017-12-23 04:12:55', '2017-12-23 04:12:55'),
(36, 34, 'Eileen Konopelski', 'Ex sed expedita natus perspiciatis rerum qui dicta vel. Incidunt accusamus deserunt qui eum autem maxime. Incidunt quaerat eligendi sit reprehenderit vel et. Eveniet et voluptatum est quis.', 0, '2017-12-23 04:12:55', '2017-12-23 04:12:55'),
(37, 8, 'Zelda Jacobson', 'Quia velit sint labore sed necessitatibus ea. Alias qui minima ex. Nobis sed incidunt doloremque quis.', 4, '2017-12-23 04:12:55', '2017-12-23 04:12:55'),
(38, 191, 'Joana Jakubowski', 'Qui esse et error modi accusamus ad. Aliquam dolor consequuntur est rem inventore quam odit. Est qui ullam sit quia minima amet exercitationem.', 3, '2017-12-23 04:12:55', '2017-12-23 04:12:55'),
(39, 62, 'Mr. Ulises Howe', 'Omnis voluptatem omnis vel in aut eum odit. Eos qui inventore illum quis debitis. Sunt sequi et dolorum at ipsam delectus qui. Voluptas aut sit ducimus laudantium quaerat.', 1, '2017-12-23 04:12:55', '2017-12-23 04:12:55'),
(40, 193, 'Olen Watsica', 'Quibusdam temporibus eos eum error consectetur. Quo amet occaecati at aut harum fugiat debitis. Inventore voluptas corrupti iusto velit dolor quibusdam distinctio consequatur.', 2, '2017-12-23 04:12:55', '2017-12-23 04:12:55'),
(41, 189, 'Elian Weissnat', 'Culpa quaerat ipsa vel. Expedita vel maiores nemo ut.', 4, '2017-12-23 04:12:55', '2017-12-23 04:12:55'),
(42, 77, 'Mrs. Greta Welch', 'Quo amet deserunt velit veritatis in quo occaecati. Maxime voluptatum voluptate ea dolorem. Laboriosam tempora veritatis neque at consequatur accusantium fugit. Occaecati et quo sit inventore.', 1, '2017-12-23 04:12:55', '2017-12-23 04:12:55'),
(43, 125, 'Maggie Wiza', 'Autem at ab odit fugit. Repellendus occaecati vitae sapiente et quidem sunt. Amet dignissimos rem enim est. Laboriosam reiciendis accusamus non nostrum.', 3, '2017-12-23 04:12:55', '2017-12-23 04:12:55'),
(44, 123, 'Cassandre Kassulke', 'Aut autem aut ex quaerat voluptas magnam. Numquam dolor ea non quisquam est. Perspiciatis voluptate voluptas ducimus sequi. Et vel quo culpa amet non quia ut.', 2, '2017-12-23 04:12:55', '2017-12-23 04:12:55'),
(45, 120, 'Prof. Katherine Pollich DDS', 'Optio ea ut occaecati debitis. Praesentium distinctio quas rerum ut eum accusamus quia. Praesentium eveniet ducimus veritatis. Ipsam quaerat voluptatem hic id qui.', 3, '2017-12-23 04:12:55', '2017-12-23 04:12:55'),
(46, 60, 'Amalia Russel', 'Omnis fuga asperiores vero aliquam voluptatem. Aut consequatur magni accusamus ut in repudiandae ut itaque. Maxime hic et consequatur voluptas aut et.', 2, '2017-12-23 04:12:55', '2017-12-23 04:12:55'),
(47, 142, 'Savannah Hackett', 'Velit eum aliquam quod optio. Dolore ut doloribus laboriosam et temporibus eos. Est quibusdam veritatis illum ut velit voluptates est vitae. Non quos excepturi expedita exercitationem quidem unde dolores.', 3, '2017-12-23 04:12:55', '2017-12-23 04:12:55'),
(48, 141, 'Anjali Hagenes', 'Ad nesciunt a laboriosam. Perspiciatis nemo eos dicta et placeat consequuntur. Aut enim ad ut qui sed.', 5, '2017-12-23 04:12:55', '2017-12-23 04:12:55'),
(49, 66, 'Jordyn Runolfsdottir', 'Voluptas impedit odit ullam reprehenderit saepe voluptas qui. Voluptates laudantium natus id quia eveniet sit. Ut mollitia enim expedita aperiam. Sit cumque et ab. Sed culpa laudantium modi.', 2, '2017-12-23 04:12:55', '2017-12-23 04:12:55'),
(50, 185, 'Carli Thompson', 'Aliquid reprehenderit ut reiciendis tempore. Molestiae inventore facilis at. Possimus soluta doloribus illo autem numquam.', 2, '2017-12-23 04:12:55', '2017-12-23 04:12:55'),
(51, 75, 'Yesenia Schmeler', 'Porro ut quo molestias facilis sed cumque. At eum ipsam placeat beatae at. Beatae harum quae perferendis sed.', 1, '2017-12-23 04:12:55', '2017-12-23 04:12:55'),
(52, 118, 'Gertrude Connelly', 'Quia et iure dignissimos et in molestiae. Quam modi quod et ex numquam molestiae molestiae praesentium. Nam amet velit vel sint. Accusamus sit dolorum corrupti sunt quam placeat porro.', 3, '2017-12-23 04:12:55', '2017-12-23 04:12:55'),
(53, 178, 'Jaqueline Leannon', 'Et illum officiis autem repellendus facilis. Earum sed ratione aspernatur maiores. Nihil illo suscipit libero deleniti velit.', 2, '2017-12-23 04:12:55', '2017-12-23 04:12:55'),
(54, 103, 'Oleta Denesik', 'Et possimus repellendus blanditiis natus. Ut at illum dolore. Qui soluta molestiae et cum commodi est.', 4, '2017-12-23 04:12:55', '2017-12-23 04:12:55'),
(55, 13, 'Mr. Clifford Kihn Jr.', 'Vitae est sunt unde aliquid nulla id quo. Animi dolores non laudantium hic. Similique nihil consequatur animi vel.', 2, '2017-12-23 04:12:55', '2017-12-23 04:12:55'),
(56, 187, 'Sid Hettinger', 'Sint voluptatum ut mollitia voluptatem impedit. Quasi vero nihil voluptates non quis. Enim modi fugiat provident rerum ut deleniti. Illum perspiciatis quisquam quidem voluptas excepturi eos in blanditiis.', 2, '2017-12-23 04:12:55', '2017-12-23 04:12:55'),
(57, 41, 'Treva Fadel', 'Veritatis omnis similique autem aliquid. Sapiente in enim provident consequuntur eveniet incidunt. Ratione sed minima quidem quia et. Optio quia odio voluptas id error illo.', 2, '2017-12-23 04:12:55', '2017-12-23 04:12:55'),
(58, 170, 'Dr. Monica Raynor', 'Eos voluptas aut repellat dolorem. Nihil voluptas rerum alias ea. In porro saepe error minima mollitia officiis recusandae.', 5, '2017-12-23 04:12:55', '2017-12-23 04:12:55'),
(59, 59, 'Beaulah Green', 'Cum eaque quos eaque cum consequuntur nesciunt et. Hic sit eum recusandae esse a dolores. Iure aut rerum nisi adipisci ut. Iure itaque eius velit eos ea distinctio odio. Omnis aut nesciunt velit corporis temporibus dolorum consequatur.', 5, '2017-12-23 04:12:55', '2017-12-23 04:12:55'),
(60, 179, 'Garrison Blanda', 'Ratione aliquid quibusdam dolorum. Dolores pariatur nihil delectus debitis doloribus nihil provident et. Sed veritatis facilis rem optio aliquam eum explicabo in.', 2, '2017-12-23 04:12:55', '2017-12-23 04:12:55'),
(61, 63, 'Anika Stoltenberg', 'Et consequatur voluptas commodi tempora. Tempore non eum eaque natus quam. Ipsum eligendi aliquid ipsa natus adipisci nihil est.', 5, '2017-12-23 04:12:55', '2017-12-23 04:12:55'),
(62, 63, 'Prof. Garland Lang', 'Autem quae molestiae fugit repellat nihil. Possimus voluptatem nulla voluptatibus esse est aut. Natus molestias totam minus enim dolorum eos. Nihil officiis vitae et rerum sunt provident.', 1, '2017-12-23 04:12:55', '2017-12-23 04:12:55'),
(63, 33, 'Kaci Heaney', 'Et laudantium laboriosam perferendis et sed. Nihil dolore culpa aperiam nemo inventore voluptate magnam est. Nostrum quos rerum optio.', 3, '2017-12-23 04:12:55', '2017-12-23 04:12:55'),
(64, 144, 'Mr. Rick Veum', 'Cum sit dolore qui et nihil placeat sit et. Quia vel laborum iste doloremque. Accusamus voluptas accusamus reiciendis vitae ad ipsum rerum. Maxime et id consequuntur commodi omnis. Et alias quia repellat tenetur qui et quasi.', 2, '2017-12-23 04:12:55', '2017-12-23 04:12:55'),
(65, 128, 'Prof. Rory Armstrong DDS', 'Voluptatem non dolorem et omnis voluptatum earum. Amet sint maxime natus ea eos quo voluptas. Deleniti vero recusandae et quam numquam reiciendis vel.', 0, '2017-12-23 04:12:55', '2017-12-23 04:12:55'),
(66, 24, 'Elda Cormier', 'Est enim et corrupti ipsam sequi dolore sit possimus. Necessitatibus dolorum non alias voluptates aspernatur. Non aspernatur rem expedita.', 5, '2017-12-23 04:12:55', '2017-12-23 04:12:55'),
(67, 80, 'Prof. Maud Pollich II', 'Maiores fuga minus magni et iste eaque eaque aspernatur. Excepturi voluptatem vitae eveniet est rerum. Asperiores inventore nesciunt facere. Voluptatum et asperiores id dicta atque modi.', 0, '2017-12-23 04:12:55', '2017-12-23 04:12:55'),
(68, 24, 'Brian Harvey', 'Alias ut iure facere. Nostrum qui iste est delectus. Aut nesciunt ratione explicabo inventore. Molestiae tenetur possimus deleniti aut rerum non molestias.', 5, '2017-12-23 04:12:55', '2017-12-23 04:12:55'),
(69, 54, 'Connor Harris MD', 'Voluptates sit debitis eos quam quo. Consequatur nisi accusamus molestiae provident sit. Maxime ipsa modi nobis cumque est est quo. Temporibus ut dolores ea temporibus quidem. Possimus sed aut quisquam consequatur.', 1, '2017-12-23 04:12:55', '2017-12-23 04:12:55'),
(70, 22, 'Juana Thompson', 'Quis tempora voluptas soluta sit. Voluptatem praesentium magni exercitationem eum. Facilis eius est perspiciatis iure aut a iusto. Voluptate quidem perspiciatis nam illo dicta fuga cumque.', 4, '2017-12-23 04:12:55', '2017-12-23 04:12:55'),
(71, 193, 'Jerad Koch', 'Deserunt ratione non blanditiis fugiat et et possimus. Dolor nesciunt similique voluptas provident. Praesentium fugiat voluptate voluptas modi quisquam incidunt et. Distinctio aut et doloribus molestias animi voluptatem. Repellendus ea facilis dolores necessitatibus eveniet adipisci.', 3, '2017-12-23 04:12:55', '2017-12-23 04:12:55'),
(72, 84, 'Malcolm Yost', 'Enim adipisci itaque nulla sunt et et. Ea sed a numquam quisquam aut itaque consequatur maxime. Quia animi hic commodi corporis eveniet. Laboriosam repellat consequuntur et velit et.', 2, '2017-12-23 04:12:55', '2017-12-23 04:12:55'),
(73, 92, 'Ms. Kaylee Reynolds DDS', 'Voluptatibus quia non nam dolores qui aut voluptatem. Commodi est qui rerum maiores sit quo dicta. Aut in itaque nostrum ut non ut.', 4, '2017-12-23 04:12:55', '2017-12-23 04:12:55'),
(74, 185, 'Jordane Kuhlman', 'Ipsa excepturi facilis doloremque. Praesentium autem repudiandae iure. Consequatur exercitationem ipsum quis sunt molestiae. Labore vel explicabo modi similique.', 0, '2017-12-23 04:12:55', '2017-12-23 04:12:55'),
(75, 124, 'Miss Lucinda Koch', 'Consequatur suscipit ea exercitationem et molestias. Omnis est sit voluptatibus minus ex repellat. Expedita nostrum magnam qui consectetur harum rem voluptas.', 0, '2017-12-23 04:12:55', '2017-12-23 04:12:55'),
(76, 134, 'Bradly Homenick', 'Quas commodi consequuntur enim minima facilis nesciunt nemo. Reiciendis doloremque tenetur sit autem odit mollitia at asperiores. Error voluptas atque sed totam doloremque. Repellat omnis animi hic non ut.', 2, '2017-12-23 04:12:55', '2017-12-23 04:12:55'),
(77, 163, 'Mrs. Sibyl Hermiston DDS', 'Qui quas unde eos. Iure odit qui commodi ratione. Ut magni aliquam reprehenderit quis labore fuga aperiam.', 2, '2017-12-23 04:12:55', '2017-12-23 04:12:55'),
(78, 16, 'Mrs. Verda Hilpert MD', 'Esse magni aut tenetur et ut. Dolorum commodi qui vel. Quaerat tenetur aut molestiae delectus labore dolores. Debitis cupiditate deleniti aliquid.', 5, '2017-12-23 04:12:55', '2017-12-23 04:12:55'),
(79, 9, 'Prof. Renee Predovic I', 'Officia odio et porro modi. Qui sint ipsam voluptatum dolorem ratione minima quia.', 4, '2017-12-23 04:12:55', '2017-12-23 04:12:55'),
(80, 61, 'Velma Balistreri', 'Quidem odio magnam laudantium est. Qui laborum eveniet sint aut exercitationem fuga voluptate. Velit enim voluptatem repellat repellat.', 2, '2017-12-23 04:12:55', '2017-12-23 04:12:55'),
(81, 21, 'Mr. Reagan Predovic', 'Nemo consectetur doloribus et. Placeat id fugiat ut laudantium aliquam atque. Voluptatem praesentium sed quo natus.', 1, '2017-12-23 04:12:55', '2017-12-23 04:12:55'),
(82, 80, 'Anya Schmeler', 'Laudantium dolorem cum voluptas fuga aliquid autem magni. Amet quae labore molestiae quia qui modi. Rerum neque rerum nisi enim pariatur ducimus. Architecto quae excepturi odit perferendis error animi ratione. Voluptatem deleniti cum ut fugiat sunt enim exercitationem.', 3, '2017-12-23 04:12:55', '2017-12-23 04:12:55'),
(83, 21, 'Mrs. Madalyn Shields PhD', 'Magnam enim laudantium quidem deleniti sunt dolore quia tempore. Assumenda blanditiis iure ipsa ullam. Recusandae saepe a saepe at suscipit voluptatum debitis. Molestiae tenetur perferendis id qui minima ea illo.', 0, '2017-12-23 04:12:55', '2017-12-23 04:12:55'),
(84, 185, 'Prof. Zackery Schamberger IV', 'Consequatur dolor ut earum sit autem eum magnam. Atque et nulla soluta explicabo. Velit eum laborum ea accusantium eos sit. Dolor nihil placeat maxime quam non et nobis.', 5, '2017-12-23 04:12:55', '2017-12-23 04:12:55'),
(85, 175, 'Amelie Beatty DDS', 'Exercitationem ex saepe sequi doloremque voluptatem et esse culpa. Eos unde at cum tempore ab est. Harum sunt laborum sit saepe voluptatum sunt soluta id. Velit dignissimos beatae aliquid molestias. Deserunt vero itaque pariatur.', 2, '2017-12-23 04:12:55', '2017-12-23 04:12:55'),
(86, 123, 'Roberta Corwin', 'Numquam non aliquid et fuga est. Perspiciatis consequuntur esse laudantium ipsam tempore similique. Id voluptatem modi necessitatibus commodi labore provident.', 3, '2017-12-23 04:12:55', '2017-12-23 04:12:55'),
(87, 93, 'Zelda Hayes Jr.', 'Illum iure nisi cumque. Sed ipsum quis ea quia cum. Magnam consequatur sed consequatur veniam nemo. Sit saepe aut cum sed rem voluptatem dolores.', 3, '2017-12-23 04:12:55', '2017-12-23 04:12:55'),
(88, 145, 'Hollie Marquardt V', 'Eveniet facilis aut reprehenderit ab consequatur enim ducimus unde. Et qui minima explicabo est. Expedita praesentium et laborum accusamus maiores.', 4, '2017-12-23 04:12:55', '2017-12-23 04:12:55'),
(89, 77, 'Prof. Hester Fahey I', 'Veritatis occaecati et voluptas possimus porro sit totam repellat. Ut minima sed aut autem ut et.', 5, '2017-12-23 04:12:55', '2017-12-23 04:12:55'),
(90, 148, 'Dandre Kunde Jr.', 'Corporis quisquam dolores exercitationem odit ipsa aliquam autem. Non velit possimus totam nisi sint temporibus.', 2, '2017-12-23 04:12:55', '2017-12-23 04:12:55'),
(91, 118, 'Yazmin Oberbrunner I', 'Aspernatur beatae perferendis veniam non voluptates. Quam facere tempore laboriosam voluptas veniam. Sed consequatur aut iste nobis quis consectetur rerum earum. Eum dignissimos eum ab et.', 3, '2017-12-23 04:12:55', '2017-12-23 04:12:55'),
(92, 67, 'Dr. Cortez Howell I', 'Iste dolor aut optio maiores aut ut. Ducimus molestiae velit ipsum et libero consectetur. Ut ut dignissimos ea sequi veniam velit.', 0, '2017-12-23 04:12:55', '2017-12-23 04:12:55'),
(93, 41, 'Vern Doyle', 'Voluptas debitis vitae et itaque iste harum ea. Non vero qui error et itaque. Reiciendis nesciunt earum ducimus est. Et consequatur et quisquam ex consequatur.', 1, '2017-12-23 04:12:55', '2017-12-23 04:12:55'),
(94, 106, 'Mr. Jovany McGlynn Sr.', 'Odio quo aspernatur voluptates praesentium nobis ut velit. Dignissimos aut et aliquid. Et eaque non possimus ut natus. Qui culpa commodi quo natus debitis dicta.', 1, '2017-12-23 04:12:55', '2017-12-23 04:12:55'),
(95, 165, 'Sedrick Wisoky', 'Nemo eum qui atque eius et. Nostrum tempore neque eos explicabo voluptatem. Unde voluptatibus iure libero et. Omnis rem et non ut ab. Repellat at optio dolorem velit minima.', 1, '2017-12-23 04:12:55', '2017-12-23 04:12:55'),
(96, 45, 'Misty Swaniawski', 'Quos hic optio nobis. Qui necessitatibus voluptatem mollitia est nesciunt rerum eos quia.', 4, '2017-12-23 04:12:55', '2017-12-23 04:12:55'),
(97, 79, 'Mrs. Trycia Greenholt', 'Qui corporis libero ut architecto enim. Ipsa ut facere harum aut illo nisi nihil. Quia ducimus accusamus atque voluptas aliquid ipsum. Incidunt quia accusamus exercitationem voluptatum dignissimos voluptatem iste. Dolorem qui voluptatem eum ipsam.', 0, '2017-12-23 04:12:55', '2017-12-23 04:12:55'),
(98, 180, 'Mrs. Aliza Rohan I', 'Voluptatem esse qui perferendis nesciunt animi. Laudantium dicta a impedit amet. Et neque dignissimos consectetur occaecati facere optio. Voluptatem neque aut rem voluptatem accusamus.', 1, '2017-12-23 04:12:55', '2017-12-23 04:12:55'),
(99, 36, 'Jamar Wisoky', 'Quos vel quos ad et. Praesentium voluptatum sit atque omnis qui. Quo nobis reiciendis aliquid et quidem.', 3, '2017-12-23 04:12:55', '2017-12-23 04:12:55'),
(100, 99, 'Ms. Lizeth Abernathy', 'Assumenda ipsam laudantium soluta consequatur officia aperiam. Est et laborum molestiae. Ipsa quisquam molestiae perspiciatis consequatur voluptatem blanditiis. Consequatur id quo ab ut perferendis accusantium sit.', 0, '2017-12-23 04:12:55', '2017-12-23 04:12:55'),
(101, 172, 'Candida Osinski', 'Vero nulla vero numquam eius. Expedita maxime est id saepe vel unde. Enim omnis voluptates quae iusto veniam impedit.', 5, '2017-12-23 04:12:55', '2017-12-23 04:12:55'),
(102, 106, 'Prof. Adele Herman DDS', 'Rerum pariatur est perferendis alias id fuga. Unde aut reprehenderit harum qui quidem repellat quo. Ut illum incidunt et non amet.', 0, '2017-12-23 04:12:55', '2017-12-23 04:12:55'),
(103, 172, 'Mr. Steve Dickens II', 'Quasi aliquam iusto esse ut voluptas a magni. Autem officiis sapiente quo aut. Aliquid sapiente quaerat doloribus at. Minus nihil consequatur et. Quis assumenda ad aliquam perspiciatis.', 1, '2017-12-23 04:12:55', '2017-12-23 04:12:55'),
(104, 41, 'Prof. Rene Hauck', 'Vel et aut quidem voluptatem possimus. Deserunt atque veniam consequuntur maiores nisi nam vero expedita. Nihil id laudantium rerum incidunt voluptatum.', 4, '2017-12-23 04:12:55', '2017-12-23 04:12:55'),
(105, 32, 'Mr. Kenneth Stoltenberg DVM', 'Et iste aut fuga sunt cum. Odio repudiandae dolor ratione odio eligendi quia officiis. Ipsam mollitia quis hic eaque.', 5, '2017-12-23 04:12:55', '2017-12-23 04:12:55'),
(106, 145, 'Stone Senger', 'Ab libero similique aperiam voluptas. Omnis fugit excepturi dolorum rerum quidem iste dolor nisi. Temporibus et amet omnis quo impedit placeat.', 0, '2017-12-23 04:12:55', '2017-12-23 04:12:55'),
(107, 12, 'Gudrun Braun', 'Et quisquam sit quas quasi. Similique magnam necessitatibus iure enim sunt est numquam ipsa. Tenetur aliquam maiores enim nihil. Eligendi aliquam est dolores qui nemo.', 0, '2017-12-23 04:12:55', '2017-12-23 04:12:55'),
(108, 16, 'Viola Macejkovic', 'Vel cumque voluptas distinctio aut ad. Unde aspernatur quae illo illum rem.', 4, '2017-12-23 04:12:55', '2017-12-23 04:12:55'),
(109, 68, 'Jose Robel', 'Quo inventore et quisquam nulla doloremque. Sed quo dolores eius voluptas doloribus et quia. Ea enim laudantium eveniet earum at sed porro. Ut autem non dolore dolor magnam.', 4, '2017-12-23 04:12:55', '2017-12-23 04:12:55'),
(110, 41, 'Prof. Weston Goodwin Sr.', 'Omnis dolores quasi sit modi ut velit. Quae autem qui repellendus facilis amet. Architecto aut quia officia nulla rerum ipsa.', 0, '2017-12-23 04:12:55', '2017-12-23 04:12:55'),
(111, 8, 'Alene Ullrich', 'Quia distinctio voluptatem a quia qui neque. Quia aperiam accusamus qui aut qui explicabo. Voluptas est molestias repudiandae.', 3, '2017-12-23 04:12:55', '2017-12-23 04:12:55'),
(112, 176, 'Mr. Brant Kohler I', 'Et qui repudiandae mollitia autem. Neque quia voluptas repudiandae et voluptas nostrum omnis.', 0, '2017-12-23 04:12:55', '2017-12-23 04:12:55'),
(113, 140, 'Dr. Aida Boehm V', 'Unde explicabo eaque modi. Assumenda nihil amet molestiae. Officiis qui quidem autem officiis. Adipisci sunt ut non voluptates et consequatur voluptas.', 1, '2017-12-23 04:12:55', '2017-12-23 04:12:55'),
(114, 39, 'Kathryn Wisoky V', 'Sunt mollitia deserunt dolorem aut quae soluta earum quae. Cum tenetur consequatur est. Animi dolorum quis omnis quo deleniti reprehenderit facere magnam.', 5, '2017-12-23 04:12:55', '2017-12-23 04:12:55'),
(115, 127, 'Ms. Sandy Shanahan PhD', 'Molestiae praesentium placeat explicabo. Porro molestiae maxime quaerat quae voluptas consequatur veniam. Voluptatem commodi eius non tempora ipsa aliquid rerum. Illo earum amet nulla expedita assumenda sint velit.', 4, '2017-12-23 04:12:55', '2017-12-23 04:12:55'),
(116, 127, 'River Rau', 'Repudiandae vitae dicta odio pariatur. Sit quisquam eum quae non rerum sed. Et officiis rerum corporis reiciendis accusamus.', 3, '2017-12-23 04:12:55', '2017-12-23 04:12:55'),
(117, 107, 'Mrs. Alysha Fadel Jr.', 'Commodi consequatur ut sed nemo nisi sit. Corrupti adipisci iure at animi. Rerum dolores provident quia amet id qui. Ab illo qui eius explicabo eveniet quidem.', 1, '2017-12-23 04:12:55', '2017-12-23 04:12:55'),
(118, 27, 'June Daniel', 'Ratione minima in voluptas dolorem praesentium. Veritatis reiciendis aut iste non. Perspiciatis qui fugiat voluptatem a voluptas. Consequatur est fuga rerum doloribus quia non autem enim.', 2, '2017-12-23 04:12:55', '2017-12-23 04:12:55'),
(119, 182, 'Madelynn Kuvalis', 'Dolor accusantium libero aliquam vel autem voluptatem. Quo voluptate veritatis nostrum ducimus fugit omnis. Neque explicabo molestiae sunt. Aspernatur ad velit sed at.', 1, '2017-12-23 04:12:55', '2017-12-23 04:12:55'),
(120, 87, 'Gussie Goldner', 'Aperiam sapiente qui omnis labore non ab odit. Tempore accusamus id aperiam neque eos possimus. Optio eos libero qui.', 3, '2017-12-23 04:12:55', '2017-12-23 04:12:55'),
(121, 34, 'Juliet Grady', 'Omnis impedit nam et omnis et cum quasi. Accusamus cupiditate consequatur hic ut quo cum. Odit qui accusamus est voluptatem aut possimus.', 0, '2017-12-23 04:12:55', '2017-12-23 04:12:55'),
(122, 17, 'Flo Heidenreich', 'Sit aut et et sed. Vero ea facere eum quas consequatur qui cum.', 2, '2017-12-23 04:12:55', '2017-12-23 04:12:55'),
(123, 95, 'Santina Eichmann I', 'Eos sed in aliquid dicta. Dolorum iste autem dolorum. Error omnis nobis voluptatem cum dolore.', 5, '2017-12-23 04:12:55', '2017-12-23 04:12:55'),
(124, 117, 'Raul Kuhlman', 'Aliquam est et est fugit impedit. Consequatur ea error quis enim. Dicta dolor eos magni et dolor quidem omnis. Eius ab maxime ea voluptatem dolores aut possimus. Facilis tempore voluptatem voluptatem.', 3, '2017-12-23 04:12:55', '2017-12-23 04:12:55'),
(125, 199, 'Jefferey McKenzie', 'Sunt nihil nostrum quasi quia magnam at. Maxime qui et natus id.', 1, '2017-12-23 04:12:55', '2017-12-23 04:12:55'),
(126, 110, 'Prof. Laila Hettinger', 'Aut deserunt numquam quia enim. Voluptatem laboriosam nisi voluptatem neque sint. Quod nemo doloremque adipisci possimus. Qui quam enim vitae quibusdam nostrum.', 1, '2017-12-23 04:12:55', '2017-12-23 04:12:55'),
(127, 95, 'Dr. Oran Terry', 'Repudiandae earum dolores adipisci minus quam quasi. Dolorem nulla minima laborum repellendus aut modi. Neque reiciendis eum esse aut. Quia consequatur ea et sunt doloremque non.', 5, '2017-12-23 04:12:55', '2017-12-23 04:12:55'),
(128, 159, 'Karen Skiles', 'Qui officia aut magnam occaecati alias. Quaerat dolores vel non. Alias voluptatem rerum dolorem tempore quia quibusdam consequatur rem.', 3, '2017-12-23 04:12:55', '2017-12-23 04:12:55'),
(129, 37, 'Prof. Cordie Stiedemann', 'Velit et in praesentium sequi officiis alias. Sit corrupti rerum ab. Rem eos in delectus vel. Voluptate consectetur hic aut. Harum temporibus enim possimus.', 0, '2017-12-23 04:12:55', '2017-12-23 04:12:55'),
(130, 99, 'Fatima Towne III', 'Voluptatum illum officia sit corrupti omnis. Aut nesciunt ipsa officiis sequi maxime. Animi ut nostrum porro aperiam officia non. Aspernatur autem velit mollitia aut aliquid porro esse similique. Distinctio non ducimus ex quam itaque.', 2, '2017-12-23 04:12:55', '2017-12-23 04:12:55'),
(131, 54, 'Prof. Bryana Schamberger', 'Consequatur voluptatem vel eum et. Minus nostrum cupiditate et minima possimus repellendus minus nesciunt.', 0, '2017-12-23 04:12:55', '2017-12-23 04:12:55'),
(132, 66, 'Jess Waelchi', 'Velit ducimus et sed qui tenetur veniam architecto voluptates. Repellat at est quam quo corrupti. Qui ut dolores non atque. Officia minima asperiores harum aut tempore quia.', 1, '2017-12-23 04:12:55', '2017-12-23 04:12:55'),
(133, 44, 'Madilyn Mills', 'Ea laborum quia quaerat ut inventore et. Veritatis possimus est mollitia incidunt error. Ducimus similique eveniet et qui. Error modi voluptatibus ut.', 0, '2017-12-23 04:12:55', '2017-12-23 04:12:55'),
(134, 20, 'Cesar Gaylord', 'Et et quis hic ducimus ea alias. Modi reprehenderit quasi explicabo qui.', 4, '2017-12-23 04:12:55', '2017-12-23 04:12:55'),
(135, 143, 'Athena Thompson III', 'Qui consequatur quisquam praesentium et. Explicabo optio ullam sit impedit ducimus. Ad repudiandae in repellendus necessitatibus.', 2, '2017-12-23 04:12:55', '2017-12-23 04:12:55'),
(136, 20, 'Nasir Wolff', 'Ratione corporis natus ratione ut possimus aut ipsam. Enim voluptatem et in. Eum quia eum velit aut esse. Ut et et perferendis itaque labore.', 3, '2017-12-23 04:12:55', '2017-12-23 04:12:55'),
(137, 38, 'Gaylord Maggio Sr.', 'Libero ut et saepe quisquam dolores. Ipsum et qui aut quae. Omnis illo deleniti veritatis est illum ipsum. Consequuntur est sequi vel necessitatibus veniam a.', 4, '2017-12-23 04:12:55', '2017-12-23 04:12:55'),
(138, 19, 'Ethan Muller', 'Et itaque repellendus error incidunt. Non a nihil adipisci voluptas quidem id aliquid. Ea quisquam consequuntur dolorem veritatis quis.', 0, '2017-12-23 04:12:55', '2017-12-23 04:12:55'),
(139, 27, 'Dr. Edd Stokes', 'Recusandae eos deserunt pariatur ipsa consequatur ut. Sapiente laboriosam dicta vel nemo consequatur deleniti. Sed natus hic ducimus rerum tempora quia.', 3, '2017-12-23 04:12:55', '2017-12-23 04:12:55'),
(140, 45, 'Rachelle Lebsack', 'Possimus aut iure labore atque fuga eaque. Dolor odio quia itaque consequatur temporibus aperiam perferendis voluptate. Magnam illo inventore et reiciendis aut excepturi. Porro maiores omnis similique voluptatum est repudiandae. Ut minima ut ut pariatur dolor quibusdam.', 4, '2017-12-23 04:12:55', '2017-12-23 04:12:55'),
(141, 69, 'Felton Reinger', 'Ab sapiente voluptatem laudantium ratione praesentium est quod. Cumque deleniti in qui distinctio ea consequatur culpa. Eveniet doloremque voluptas magni qui at tempore.', 1, '2017-12-23 04:12:55', '2017-12-23 04:12:55'),
(142, 164, 'Olaf Kuhn', 'Iste maxime odit ad omnis. Inventore iusto voluptate vel sint est sint. Maiores tenetur rerum ut blanditiis quod.', 5, '2017-12-23 04:12:55', '2017-12-23 04:12:55'),
(143, 180, 'Miss Kenya O\'Keefe IV', 'Cumque et aspernatur quam. Voluptatem non quam aliquam corrupti. Quos sit et ipsum magni excepturi illum.', 3, '2017-12-23 04:12:55', '2017-12-23 04:12:55'),
(144, 77, 'Ms. Lilly Gorczany', 'Nisi rerum voluptas quos et. Esse minus eaque necessitatibus doloremque. Voluptas perspiciatis quasi et minus sunt voluptates id.', 4, '2017-12-23 04:12:55', '2017-12-23 04:12:55'),
(145, 11, 'Prof. Mortimer Price', 'Et quis et aut architecto vel hic nam libero. Et enim aperiam aliquid. Illum necessitatibus ut aut.', 0, '2017-12-23 04:12:55', '2017-12-23 04:12:55'),
(146, 196, 'Dr. Casandra Flatley Sr.', 'Quis perspiciatis quod quae vero. Tempore eveniet id vitae consectetur eum eos. Placeat illo repellat ipsam dolorem quo est. Sapiente ut quibusdam facere esse soluta beatae consectetur.', 0, '2017-12-23 04:12:56', '2017-12-23 04:12:56'),
(147, 50, 'Dr. Montana Labadie', 'Quibusdam corrupti praesentium sit deleniti dolorem et ut. Et eaque aliquam consequuntur ducimus quia voluptatem. Similique aut et magnam nostrum aliquid. Consequatur perspiciatis minima quia vel dolorem aliquid.', 0, '2017-12-23 04:12:56', '2017-12-23 04:12:56'),
(148, 40, 'Alena Bartoletti', 'Quod qui praesentium natus est maxime. Hic eum deleniti cumque sit. Magnam saepe maxime dignissimos repellendus ut facere nihil. Et sunt doloribus praesentium quod ullam omnis molestias molestiae.', 3, '2017-12-23 04:12:56', '2017-12-23 04:12:56'),
(149, 143, 'Ms. Amiya Tromp II', 'Iure dolorum eius voluptas in non. Qui velit voluptatem commodi consequatur quia veritatis. Doloribus mollitia nemo commodi quidem. Officiis maiores atque quisquam unde dolorum reprehenderit vitae. Natus et distinctio id quo esse sed.', 3, '2017-12-23 04:12:56', '2017-12-23 04:12:56'),
(150, 196, 'Jasmin Fritsch', 'Sit officia reprehenderit molestias. Tempore qui assumenda accusantium et voluptatibus cum. Rerum est laborum dolor qui qui error cupiditate. Dignissimos necessitatibus et ad molestiae temporibus sed occaecati. Dignissimos sint quo dignissimos eum molestiae doloremque quod.', 0, '2017-12-23 04:12:56', '2017-12-23 04:12:56'),
(151, 15, 'Miss Rebecca Harber PhD', 'Laboriosam vel reprehenderit maiores. Vel omnis et eum. Sapiente asperiores eveniet corporis quos qui voluptatem ipsa non.', 3, '2017-12-23 04:12:56', '2017-12-23 04:12:56'),
(152, 153, 'Austen Rath', 'Similique cupiditate quis officia et cupiditate et sequi. Nihil earum totam tempora officia et. Sit impedit neque non. Consectetur ea aut sequi quo omnis eligendi et.', 5, '2017-12-23 04:12:56', '2017-12-23 04:12:56'),
(153, 26, 'Mr. Vincenzo Ruecker', 'Veniam minus et in animi ducimus dolore ut sit. Nihil fuga quibusdam consequuntur earum dolorem autem. Voluptates ab exercitationem voluptate ut possimus libero sed. Ea dolorem maxime nobis eligendi est eum. Libero rerum veritatis similique aut.', 3, '2017-12-23 04:12:56', '2017-12-23 04:12:56'),
(154, 148, 'Haylie Stark', 'Suscipit autem totam similique possimus voluptatem consequatur. Qui maxime nihil aliquam commodi dignissimos. Blanditiis voluptas sed nihil et minima. Sequi eligendi voluptate quia distinctio in.', 0, '2017-12-23 04:12:56', '2017-12-23 04:12:56'),
(155, 128, 'Prof. Vernon Schmitt III', 'Esse voluptatem accusantium qui aut. Fuga sint dolor earum nam non doloribus enim. Odio ea quasi corrupti dolorem qui consequatur. Aperiam voluptate repudiandae ut temporibus suscipit beatae ex. Totam non quisquam voluptatem sit officia nisi.', 0, '2017-12-23 04:12:56', '2017-12-23 04:12:56'),
(156, 128, 'Thora Walter MD', 'Fugiat odio excepturi quia et. Aut nostrum praesentium dolore eligendi ea repellendus. Laudantium animi porro totam. Tenetur soluta ut voluptas accusantium.', 1, '2017-12-23 04:12:56', '2017-12-23 04:12:56'),
(157, 3, 'Prof. Oma Mohr', 'Maxime itaque eveniet sed voluptas. Dolorum quasi eligendi optio sint. Minus non culpa perferendis. Possimus numquam id quis non tempore. Corrupti beatae ut iure voluptatem explicabo culpa distinctio a.', 1, '2017-12-23 04:12:56', '2017-12-23 04:12:56'),
(158, 110, 'Randy Runolfsdottir IV', 'Quo architecto beatae ducimus magni. Officiis pariatur eos enim ipsa omnis blanditiis. Mollitia quas ipsum iste. Qui facere eveniet architecto voluptatem perferendis commodi ea.', 1, '2017-12-23 04:12:56', '2017-12-23 04:12:56'),
(159, 15, 'Prof. Elvie Nolan', 'Ad architecto iusto ipsa maxime pariatur tenetur eos eum. Dolor atque itaque molestiae. Et dicta aut sunt iure. Qui eum qui eligendi.', 1, '2017-12-23 04:12:56', '2017-12-23 04:12:56'),
(160, 68, 'Casey Walter', 'Natus veniam sunt fugit repudiandae sunt. Facilis quia libero vel dignissimos. Non ex modi earum magnam quas. Qui dolores labore qui ipsa velit voluptatem.', 2, '2017-12-23 04:12:56', '2017-12-23 04:12:56'),
(161, 166, 'Camron Turner', 'Officiis doloremque mollitia et omnis. Quasi velit sed quis repudiandae sed saepe. Pariatur eos atque dolores et quia.', 0, '2017-12-23 04:12:56', '2017-12-23 04:12:56'),
(162, 18, 'Prof. Emory Reilly I', 'Impedit non consequatur molestias ut fuga. Maiores quo dolores ut illum at. Aliquid in dolores quo vel id aspernatur.', 5, '2017-12-23 04:12:56', '2017-12-23 04:12:56'),
(163, 9, 'Dr. Eldon Purdy V', 'Illum et cumque est sunt. Sint incidunt exercitationem placeat doloribus dicta molestias culpa quae. Cum quam omnis reprehenderit at beatae consequatur. Aut ducimus eum eaque quia.', 1, '2017-12-23 04:12:56', '2017-12-23 04:12:56'),
(164, 2, 'Mrs. Marjory West', 'Repellendus aut vel totam dolorem accusantium dolorem odio. Ipsum nulla ut exercitationem. Sed est qui debitis maxime voluptas sit sed. Nemo et est quo amet sed.', 2, '2017-12-23 04:12:56', '2017-12-23 04:12:56'),
(165, 94, 'Betty King', 'Quidem consequatur quasi et. Voluptatem consequatur alias rerum distinctio doloremque id dicta.', 1, '2017-12-23 04:12:56', '2017-12-23 04:12:56'),
(166, 143, 'Mrs. Lia Upton', 'Voluptate quia laboriosam quis esse necessitatibus eligendi velit. Sit qui animi voluptas ipsum et inventore esse. Et rerum commodi fugit perspiciatis est qui. Veniam vitae dolorem ea est iure perferendis qui.', 4, '2017-12-23 04:12:56', '2017-12-23 04:12:56'),
(167, 153, 'Price Lueilwitz', 'Reprehenderit quibusdam provident voluptatem omnis beatae qui. Aliquam soluta quam et ullam aut. Nihil mollitia rem et nemo vitae iure provident.', 2, '2017-12-23 04:12:56', '2017-12-23 04:12:56'),
(168, 17, 'Mr. Seamus Simonis', 'Beatae quia sit sunt. Voluptas quia et debitis fugiat eligendi et minima accusantium. Quidem optio sed nihil voluptas error nobis vel. Rerum deserunt enim aut laborum consequatur sunt quis.', 2, '2017-12-23 04:12:56', '2017-12-23 04:12:56'),
(169, 158, 'Madison Little', 'Maiores libero ratione in ut labore quidem et. Velit quibusdam qui delectus repellat. Qui consequatur quae veniam dolorem sit. Rem perferendis esse accusamus alias qui qui est.', 5, '2017-12-23 04:12:56', '2017-12-23 04:12:56'),
(170, 167, 'Prof. Billie Hartmann', 'Ipsam non odit ut inventore a labore porro. Rerum dolor vero et labore ab dolorem. Voluptatem possimus explicabo at quod incidunt nemo. Sunt aperiam dolorem nostrum ipsum.', 5, '2017-12-23 04:12:56', '2017-12-23 04:12:56'),
(171, 47, 'Neil White', 'Facilis tempore vitae earum ad aut est error. Voluptatem ea enim non illo cupiditate iure. Aut et quia doloremque tempore rerum. Est ea nisi non similique provident tempore facilis consectetur. Cumque id et sed sunt aperiam.', 2, '2017-12-23 04:12:56', '2017-12-23 04:12:56'),
(172, 155, 'Leilani Gerhold', 'Nobis aut architecto enim consequatur. Similique sit numquam mollitia dolores qui officiis. Non expedita porro nam fugiat enim quidem vel. Nostrum aliquam aperiam tenetur quas.', 4, '2017-12-23 04:12:56', '2017-12-23 04:12:56'),
(173, 156, 'Presley Mayert', 'Cupiditate ex harum voluptatem laudantium et animi. Ratione minus voluptatibus repellat exercitationem voluptatum tenetur commodi quia. Sunt ab odit doloribus voluptatem rem quo. Eum voluptas nulla repellendus itaque.', 1, '2017-12-23 04:12:56', '2017-12-23 04:12:56'),
(174, 4, 'Marcia Balistreri', 'Officiis quas reprehenderit totam rerum sunt ratione a. Harum ab quisquam nulla ab quia illo voluptatum voluptatem. Quis quia voluptate qui dicta sed. Quia accusantium veritatis aliquid.', 0, '2017-12-23 04:12:56', '2017-12-23 04:12:56'),
(175, 200, 'Hershel Nienow', 'Unde exercitationem incidunt voluptates modi sed quasi architecto. Aut quas earum porro ducimus id. Dolor ratione dolorum iusto iure.', 0, '2017-12-23 04:12:56', '2017-12-23 04:12:56'),
(176, 5, 'Maida Buckridge', 'Quam reiciendis perspiciatis consectetur aut consequuntur dolores voluptatibus. Tempora est magni quaerat numquam similique vitae. Debitis id quae aut reprehenderit harum.', 5, '2017-12-23 04:12:56', '2017-12-23 04:12:56'),
(177, 126, 'Rosalee Beier', 'Accusantium consectetur neque quibusdam deserunt. Est voluptatem quidem ipsum doloremque cum repellendus magnam facere. Sit qui praesentium distinctio velit amet ut eligendi.', 3, '2017-12-23 04:12:56', '2017-12-23 04:12:56'),
(178, 87, 'Jody Hegmann', 'Nihil recusandae maxime nemo quo atque nihil. Perferendis consectetur a adipisci voluptatem. Itaque sequi neque quae nobis id. Dolorem dolores fugiat voluptate aut id repellendus est voluptatem. Placeat cumque magnam eaque non optio consequatur.', 4, '2017-12-23 04:12:56', '2017-12-23 04:12:56'),
(179, 88, 'Dr. Leila Okuneva', 'Voluptas voluptates et repellat ea in deserunt. Ducimus sed atque deserunt atque. Dolor blanditiis velit necessitatibus dolorem. Non harum consequuntur dignissimos eos autem reprehenderit labore.', 2, '2017-12-23 04:12:56', '2017-12-23 04:12:56'),
(180, 125, 'Angelita Crooks', 'Enim suscipit et nobis nemo vel ratione quia. Error qui facilis accusamus nulla. Aut delectus adipisci rerum cumque a error qui. Consequatur architecto corrupti expedita ratione.', 0, '2017-12-23 04:12:56', '2017-12-23 04:12:56'),
(181, 22, 'Kathryn Volkman', 'Facilis neque est dolores quia. Ullam minima accusantium voluptate est. Quia optio ratione deserunt.', 2, '2017-12-23 04:12:56', '2017-12-23 04:12:56'),
(182, 151, 'Evan Kub', 'Dolorem reiciendis ea rerum quia. Iusto dolorum eos qui quia est laboriosam est. Eveniet nihil in autem officia eum qui. Velit sunt repellendus et voluptas voluptatem quos itaque. Ut nihil ut consequatur reprehenderit.', 3, '2017-12-23 04:12:56', '2017-12-23 04:12:56'),
(183, 85, 'Dr. Eda Ledner', 'Placeat inventore qui asperiores est. Ullam provident quia ea voluptate praesentium. Eos officia quis molestiae eum officia.', 1, '2017-12-23 04:12:56', '2017-12-23 04:12:56'),
(184, 44, 'Annetta Leffler', 'Pariatur est commodi quo. Et provident qui ratione rerum quia. Rerum provident quas iure reprehenderit aut nisi. Esse optio nisi excepturi natus ipsa et.', 4, '2017-12-23 04:12:56', '2017-12-23 04:12:56'),
(185, 93, 'Clifton Stokes', 'Qui ipsa quisquam blanditiis aut eius. Quis ducimus consequatur quis sit. Consequatur aspernatur dolorem qui et architecto.', 4, '2017-12-23 04:12:56', '2017-12-23 04:12:56'),
(186, 93, 'Dr. Noe Towne V', 'Voluptates amet qui modi velit. Ducimus veniam explicabo quae nemo sint. Quae inventore eveniet accusantium harum illo aliquid qui aliquid.', 4, '2017-12-23 04:12:56', '2017-12-23 04:12:56'),
(187, 112, 'Mr. Paxton Walsh', 'Non exercitationem sed totam et in. Deleniti tempora nisi accusamus est quo qui. Et nesciunt nihil qui beatae accusantium.', 3, '2017-12-23 04:12:56', '2017-12-23 04:12:56'),
(188, 188, 'Mireya Watsica DDS', 'Labore rerum sit eos. Reprehenderit sit sint quia aut illum voluptatem.', 4, '2017-12-23 04:12:56', '2017-12-23 04:12:56'),
(189, 159, 'Chadrick Kozey', 'Ut neque voluptas est et aliquid ut laborum quia. Dicta sed aut id numquam nemo repellendus. Eos eos veniam quas eum. Animi suscipit modi quis rerum magni laboriosam consequatur facilis.', 0, '2017-12-23 04:12:56', '2017-12-23 04:12:56'),
(190, 51, 'Armando Gulgowski', 'Aliquid sunt expedita non eos quae sit. Suscipit odio sit nesciunt quo consequatur est.', 0, '2017-12-23 04:12:56', '2017-12-23 04:12:56'),
(191, 34, 'Prof. Jayson Nader', 'Minima occaecati porro est est voluptatem impedit repellendus. Quis facere voluptatibus voluptate minus et quo. Quae amet quaerat sed reiciendis ea.', 1, '2017-12-23 04:12:56', '2017-12-23 04:12:56'),
(192, 33, 'Ms. Imelda Hermiston', 'Ab possimus est esse doloremque velit temporibus perspiciatis fugit. Consequuntur quis adipisci et. Aliquam sunt enim voluptatem commodi cupiditate vel ut.', 4, '2017-12-23 04:12:56', '2017-12-23 04:12:56'),
(193, 58, 'Giuseppe Dibbert', 'Et perferendis vero ratione dolores repellendus. In et aut aliquid sint aut maiores voluptas. Numquam sit recusandae quo laudantium. Vitae occaecati et harum dolor ut. Provident veniam accusamus vitae aut architecto ut reprehenderit.', 4, '2017-12-23 04:12:56', '2017-12-23 04:12:56'),
(194, 76, 'Miss Anastasia Cronin', 'Est quos ratione in accusamus hic blanditiis qui. Esse animi architecto totam quidem omnis sed. Ut voluptas asperiores molestiae ut cupiditate. Sunt qui iste qui ea.', 2, '2017-12-23 04:12:56', '2017-12-23 04:12:56'),
(195, 152, 'Hermann Rutherford PhD', 'Repellendus eos eveniet occaecati iure ut. Laborum laudantium dolores illo porro beatae. Labore recusandae occaecati aut ea laudantium vero beatae. Excepturi omnis quo est id ad.', 5, '2017-12-23 04:12:56', '2017-12-23 04:12:56'),
(196, 130, 'Mr. Herbert Jaskolski DDS', 'Est quasi quis sed necessitatibus omnis fugit et hic. Voluptas sint tempore sapiente eos vel et eos quia. Quasi ut dolorum iure aliquam rerum quod temporibus.', 3, '2017-12-23 04:12:56', '2017-12-23 04:12:56'),
(197, 145, 'Ronaldo Koss', 'Debitis quo quia et minima quibusdam ut. Voluptate et est magni placeat. Quod perspiciatis suscipit aliquid consequuntur adipisci. Amet molestiae voluptatem in est cupiditate.', 1, '2017-12-23 04:12:56', '2017-12-23 04:12:56'),
(198, 44, 'Prof. Wallace Waters II', 'Voluptas quia et fuga iure sint. Ducimus fugiat rerum non laborum non.', 0, '2017-12-23 04:12:56', '2017-12-23 04:12:56'),
(199, 65, 'Jermain Blick', 'Illo libero rerum consequuntur sit voluptate mollitia nobis sunt. Et vero rem asperiores voluptas et at. Consequuntur tempora numquam praesentium quae quia.', 2, '2017-12-23 04:12:56', '2017-12-23 04:12:56'),
(200, 77, 'Zula Stark IV', 'Quod quas voluptas ipsam unde. Odit eum dolorum et unde. Qui nulla repellat doloribus omnis praesentium. Et consectetur et et magnam.', 5, '2017-12-23 04:12:56', '2017-12-23 04:12:56'),
(201, 7, 'Cecile Collier', 'Dolorem molestiae magnam quia autem rerum quo vero ex. Itaque illum cumque aut minus minima sunt. Et aut sed enim.', 4, '2017-12-23 04:12:56', '2017-12-23 04:12:56'),
(202, 5, 'Brittany Casper', 'Accusamus voluptas et sed adipisci facere nam laudantium et. Aut expedita adipisci maxime officia. Dolorem placeat sunt et praesentium autem eum quis. Consequatur accusamus vitae facilis consequatur asperiores.', 4, '2017-12-23 04:12:56', '2017-12-23 04:12:56'),
(203, 194, 'Heloise Donnelly', 'Consectetur voluptas et perferendis eum asperiores. Quia eos debitis dignissimos esse et expedita commodi. Eveniet fuga provident beatae velit. Non aut ut rem in est.', 5, '2017-12-23 04:12:56', '2017-12-23 04:12:56'),
(204, 167, 'Prof. London Schoen II', 'Beatae aut illum quidem eum est reprehenderit molestiae velit. Unde quia possimus architecto officiis et omnis. Et non iusto voluptatem nihil animi ratione atque omnis. Ex nihil sunt et totam a quia optio.', 5, '2017-12-23 04:12:56', '2017-12-23 04:12:56'),
(205, 132, 'Katelin Gerhold', 'Quas dolor dolorum sed dolorum quaerat. Nobis assumenda architecto maxime quis debitis. Et molestiae nam labore ab vel modi. Quod veniam voluptas voluptas temporibus doloremque modi est. Dolorum blanditiis sapiente harum ut.', 4, '2017-12-23 04:12:56', '2017-12-23 04:12:56'),
(206, 84, 'Violette Steuber', 'Sit in dolorem dolores unde officiis eos et. Est quis quis vel ipsa. Numquam perspiciatis provident quaerat rerum ratione. Labore consectetur voluptatem quis. Voluptas asperiores autem quas distinctio sunt adipisci.', 3, '2017-12-23 04:12:56', '2017-12-23 04:12:56'),
(207, 72, 'Selena Olson', 'Dolores enim non officia illo et qui sit. Tenetur molestiae a autem molestias alias consequuntur illo sit. Iusto rerum eos voluptate rerum. Voluptas magni nostrum beatae.', 3, '2017-12-23 04:12:56', '2017-12-23 04:12:56'),
(208, 138, 'Tara Zieme Sr.', 'Nesciunt accusamus natus voluptas eaque et id. Libero et in ab necessitatibus quae quam sit.', 3, '2017-12-23 04:12:56', '2017-12-23 04:12:56');
INSERT INTO `reviews` (`id`, `product_id`, `customer`, `review`, `star`, `created_at`, `updated_at`) VALUES
(209, 171, 'Quincy Hahn', 'Quia dolorum consectetur pariatur maiores possimus voluptate cumque. Rerum omnis veritatis reiciendis hic unde eligendi.', 4, '2017-12-23 04:12:56', '2017-12-23 04:12:56'),
(210, 172, 'Loy Langworth', 'Tempore perferendis dolore eligendi vitae et in in modi. Quisquam eveniet vero pariatur ipsum voluptatem. Doloremque eos officiis quam a.', 0, '2017-12-23 04:12:56', '2017-12-23 04:12:56'),
(211, 177, 'Eveline Gislason Sr.', 'Sunt est qui eveniet corrupti corporis iusto veritatis occaecati. Delectus sit consequuntur quis odio suscipit quasi sequi.', 3, '2017-12-23 04:12:56', '2017-12-23 04:12:56'),
(212, 61, 'Modesto Schultz', 'Minus amet labore et explicabo. Ipsam quo cum labore nobis saepe. Non ut laboriosam veniam repellendus saepe cupiditate.', 0, '2017-12-23 04:12:56', '2017-12-23 04:12:56'),
(213, 190, 'Eula Moen', 'Officiis voluptates vel reprehenderit iure praesentium. Alias omnis nihil veritatis sed dolorum. Perferendis quia accusamus odit enim laboriosam non non recusandae. Deleniti dolor et quia. Eius veritatis voluptas et voluptas sed.', 0, '2017-12-23 04:12:56', '2017-12-23 04:12:56'),
(214, 10, 'Amanda D\'Amore Jr.', 'Necessitatibus corrupti hic ipsam deserunt aut aut nulla. Magni magni libero eligendi.', 2, '2017-12-23 04:12:56', '2017-12-23 04:12:56'),
(215, 153, 'Kelsi Hauck', 'Ipsum distinctio et et autem omnis fuga ut. Maiores eos nihil consequatur. Voluptatem ab et voluptas expedita velit. Culpa quae ut molestiae quae ut aspernatur quis quaerat.', 3, '2017-12-23 04:12:56', '2017-12-23 04:12:56'),
(216, 55, 'Shea Corkery', 'Praesentium illo consectetur eius. Reiciendis accusamus voluptatem dolorem est. Consequuntur tempore blanditiis nulla et eum cum ut.', 4, '2017-12-23 04:12:56', '2017-12-23 04:12:56'),
(217, 145, 'Cristobal Thiel', 'Numquam molestiae facere quia sed numquam. Ut nemo maiores qui eaque aut sunt. Debitis aut repudiandae est placeat in.', 4, '2017-12-23 04:12:56', '2017-12-23 04:12:56'),
(218, 33, 'Rubye Zulauf', 'Sed et ratione aut aliquid voluptas nam aperiam. Hic harum soluta aut accusantium. Exercitationem deserunt nemo iusto ea consequatur saepe.', 2, '2017-12-23 04:12:56', '2017-12-23 04:12:56'),
(219, 103, 'Dr. Edd Quitzon', 'Voluptatem ut dignissimos harum voluptas vitae cupiditate quas. Quia facere rerum officia saepe. Illo vel ipsam recusandae et debitis quae.', 3, '2017-12-23 04:12:56', '2017-12-23 04:12:56'),
(220, 102, 'Zaria Welch II', 'Nobis debitis omnis quo aliquam quaerat. Expedita deleniti corrupti ut eos rem eligendi. Qui accusantium consequatur sed provident magnam.', 4, '2017-12-23 04:12:56', '2017-12-23 04:12:56'),
(221, 147, 'Prof. Vicky Prohaska IV', 'Debitis vel iusto saepe dignissimos facere nihil. Et fugiat autem rerum error placeat vel tempora.', 4, '2017-12-23 04:12:56', '2017-12-23 04:12:56'),
(222, 121, 'Justice McLaughlin III', 'Provident expedita unde hic iste est. Id eius rerum eligendi temporibus velit. Rerum inventore et esse et.', 0, '2017-12-23 04:12:56', '2017-12-23 04:12:56'),
(223, 136, 'Josie Bechtelar', 'Alias doloribus consectetur aut nostrum dolor neque. Et aut perspiciatis reiciendis consequatur est perspiciatis. Necessitatibus quod qui qui nostrum voluptas quia.', 0, '2017-12-23 04:12:56', '2017-12-23 04:12:56'),
(224, 135, 'Keyon Bahringer', 'Consequatur voluptatibus odit architecto illo ratione. Optio perspiciatis minima neque voluptatum reiciendis nesciunt. Accusantium aut consectetur occaecati esse consequatur architecto ut. Autem sunt similique quo.', 2, '2017-12-23 04:12:56', '2017-12-23 04:12:56'),
(225, 138, 'Dr. Meredith Blick', 'Ratione dolores quia saepe itaque. Est et adipisci ipsam. Quia quis hic ullam fuga in necessitatibus.', 2, '2017-12-23 04:12:56', '2017-12-23 04:12:56'),
(226, 124, 'Jasmin Tromp', 'Doloribus a esse nostrum eos delectus. Ut alias minima corrupti nostrum expedita dolores. Deserunt accusamus dolorem labore cupiditate voluptate laboriosam. Praesentium eveniet nihil quas.', 3, '2017-12-23 04:12:56', '2017-12-23 04:12:56'),
(227, 19, 'Maryse Farrell', 'Voluptatem est quae perferendis optio. Quos molestiae deserunt sapiente nihil eveniet aut. Placeat quo aut quo dolore autem voluptas. Ea voluptas veniam ducimus omnis consequuntur ullam.', 1, '2017-12-23 04:12:56', '2017-12-23 04:12:56'),
(228, 84, 'Prof. Gilda Braun', 'Optio quod debitis nisi. Dolorum vero qui dolor. Quis debitis commodi fugit delectus perferendis repudiandae. Explicabo quo fugiat doloremque quas. Est magnam ad dolorum.', 1, '2017-12-23 04:12:56', '2017-12-23 04:12:56'),
(229, 14, 'Miss Winona Ortiz DVM', 'Aut itaque et voluptatum quia doloremque voluptates et. Eveniet consectetur quisquam accusantium vero autem iusto. Est et qui ut blanditiis. Eaque nam quo sed cupiditate animi. Qui dignissimos officiis error facilis non voluptatem hic.', 2, '2017-12-23 04:12:56', '2017-12-23 04:12:56'),
(230, 141, 'Rosalyn Kulas', 'Atque nihil unde rerum voluptas inventore id. Temporibus suscipit et et in velit aut rem. Et quisquam deleniti odit quo ab. Ut excepturi amet minima dolor odio.', 1, '2017-12-23 04:12:56', '2017-12-23 04:12:56'),
(231, 79, 'Hattie Homenick', 'Error iure velit omnis. Esse voluptates non omnis et quis. Voluptatem veritatis est incidunt quos.', 4, '2017-12-23 04:12:56', '2017-12-23 04:12:56'),
(232, 157, 'Geovanni Lueilwitz', 'Omnis ea sunt at fugiat modi explicabo velit. Labore praesentium quo saepe enim non omnis aut. Sequi non recusandae qui ea qui.', 2, '2017-12-23 04:12:56', '2017-12-23 04:12:56'),
(233, 34, 'Prof. Cale Predovic DDS', 'Atque quo asperiores blanditiis voluptates eius in molestiae iure. Voluptas libero quisquam atque quis est qui quia. Occaecati excepturi est quo consequatur saepe dolor. Ad quia animi dignissimos odio.', 5, '2017-12-23 04:12:56', '2017-12-23 04:12:56'),
(234, 6, 'Arnold Bechtelar', 'Aut et et ad voluptas id. Voluptas laboriosam cum nemo eum similique sit. Omnis ut vitae et sunt cum et.', 5, '2017-12-23 04:12:56', '2017-12-23 04:12:56'),
(235, 50, 'Abigale Harris', 'Debitis facilis ipsa sed numquam. Nemo esse quas blanditiis. Veritatis accusantium consectetur qui officia soluta. Soluta non qui illo provident quibusdam occaecati.', 2, '2017-12-23 04:12:56', '2017-12-23 04:12:56'),
(236, 116, 'Courtney Ebert', 'Dolorem iure aut et sint rerum voluptatum. Et voluptate reiciendis adipisci omnis.', 4, '2017-12-23 04:12:56', '2017-12-23 04:12:56'),
(237, 45, 'Ignatius Gorczany', 'Maxime inventore ut dolore omnis ut et cum. Aliquam autem ea eos maxime saepe nostrum cum. Repellendus illum placeat officiis accusantium et iste consectetur.', 4, '2017-12-23 04:12:56', '2017-12-23 04:12:56'),
(238, 13, 'Adan Greenfelder', 'Est vel voluptas repellat rerum saepe sed voluptatem. Voluptatem iusto doloremque repellendus. Eum recusandae aut consequatur officia sint illum.', 0, '2017-12-23 04:12:56', '2017-12-23 04:12:56'),
(239, 76, 'Kurtis Crooks', 'Deleniti nobis est architecto id quos. Ut voluptatum quod nihil quam aperiam. Ducimus doloribus qui cupiditate laudantium est iste error. Provident dolorum eum qui quidem sequi dolore ex.', 2, '2017-12-23 04:12:56', '2017-12-23 04:12:56'),
(240, 61, 'Ephraim Borer III', 'Corrupti animi cupiditate asperiores ratione labore cupiditate. Perspiciatis nostrum incidunt dignissimos iure commodi non. Vero sit et quia ut quasi atque. Nobis ducimus veritatis sequi voluptatibus dignissimos omnis in.', 1, '2017-12-23 04:12:56', '2017-12-23 04:12:56'),
(241, 159, 'Lorenza Kreiger DVM', 'Asperiores dolores et aut reiciendis voluptas a tempora. Ut officia sed dolor minima omnis autem consequuntur. Et modi quasi delectus. Cumque maiores consectetur sint quod recusandae explicabo eos deserunt.', 3, '2017-12-23 04:12:56', '2017-12-23 04:12:56'),
(242, 101, 'Alexys Oberbrunner', 'Ut atque ut quibusdam delectus id fugit eligendi. Ut perspiciatis molestiae fugit dolor eius. Vel tempora quis consequuntur molestiae rerum temporibus.', 0, '2017-12-23 04:12:56', '2017-12-23 04:12:56'),
(243, 61, 'Lavonne Jenkins', 'Similique voluptatem sed odit quod. Reprehenderit est facilis aut odit odit doloribus. Veniam corporis vel dolores sint.', 4, '2017-12-23 04:12:56', '2017-12-23 04:12:56'),
(244, 139, 'Anabel Schaden', 'Sit possimus possimus qui. Soluta cupiditate amet soluta ea suscipit aut repellat. Optio libero eveniet in voluptatem. Nihil qui quas suscipit dolor possimus labore.', 4, '2017-12-23 04:12:56', '2017-12-23 04:12:56'),
(245, 84, 'Craig Bailey', 'Architecto earum nisi sequi. Esse eos esse dolore sunt alias sapiente. Aut numquam necessitatibus qui consequatur. Accusamus eum aspernatur odio veritatis ea delectus quas similique. Natus quidem recusandae enim.', 5, '2017-12-23 04:12:56', '2017-12-23 04:12:56'),
(246, 180, 'Delmer Considine', 'Aliquid totam accusantium quis provident porro. Pariatur nulla ex odio eveniet eum. Est iusto soluta distinctio nihil beatae qui eaque.', 3, '2017-12-23 04:12:56', '2017-12-23 04:12:56'),
(247, 199, 'Prof. Ofelia Schmeler I', 'Provident perspiciatis enim error blanditiis id. Et et qui minima quos.', 1, '2017-12-23 04:12:56', '2017-12-23 04:12:56'),
(248, 134, 'Xavier Gorczany', 'Tenetur et quis ut facere aut. Ut consequatur mollitia consequatur laboriosam veritatis dignissimos praesentium. Et repellendus voluptatem et sed.', 4, '2017-12-23 04:12:56', '2017-12-23 04:12:56'),
(249, 46, 'Prof. Alexis Lakin', 'Ea ratione in velit nobis rerum explicabo. Odit qui rerum a eos. Corporis ea corrupti hic dolor.', 5, '2017-12-23 04:12:56', '2017-12-23 04:12:56'),
(250, 135, 'Dr. Grady Schiller V', 'Et quod quasi ab quia iste odit fugiat. Ex voluptatem nam quidem veritatis beatae mollitia. Quia dicta eum nobis exercitationem.', 2, '2017-12-23 04:12:56', '2017-12-23 04:12:56'),
(251, 108, 'Dalton Erdman MD', 'Est exercitationem ratione nostrum et debitis ipsum. Blanditiis magni libero et explicabo qui. Expedita provident quibusdam molestias et. Aperiam aut error magni velit eum enim eaque culpa.', 1, '2017-12-23 04:12:56', '2017-12-23 04:12:56'),
(252, 28, 'Arielle Jaskolski', 'Et corrupti nihil sed velit rerum. Inventore autem itaque itaque. Dolores veniam dolor ea nihil nulla. Expedita tempora sed iste a dolorem rerum voluptatem.', 5, '2017-12-23 04:12:56', '2017-12-23 04:12:56'),
(253, 93, 'Kattie Rempel', 'Aut similique aut sed distinctio laboriosam. Quia temporibus quos et asperiores dolor et. Et animi qui voluptatem nisi nulla pariatur odit nulla.', 0, '2017-12-23 04:12:56', '2017-12-23 04:12:56'),
(254, 5, 'Miss Maeve Maggio', 'Ex dolores dolores et necessitatibus nisi. Suscipit temporibus aut voluptatem harum. Dolorem dolorum ut deserunt placeat quo nesciunt.', 2, '2017-12-23 04:12:56', '2017-12-23 04:12:56'),
(255, 192, 'Karelle Powlowski V', 'Id eum voluptatibus deserunt dolorum numquam. Assumenda quibusdam eum libero qui autem. Eius ea voluptates non aliquam sunt consequuntur et. Aut dolore laudantium voluptatem animi.', 1, '2017-12-23 04:12:56', '2017-12-23 04:12:56'),
(256, 12, 'Lacy Simonis', 'Eius qui deleniti hic similique enim sed. Quo ab eius et neque dolore enim error. Nihil perspiciatis qui officiis officia error magni consequuntur.', 0, '2017-12-23 04:12:56', '2017-12-23 04:12:56'),
(257, 152, 'Eveline Schmidt', 'Ipsa commodi velit cum magnam voluptas eos quia. Voluptatem nobis consequatur distinctio iste ut dolores. Est autem cumque non sed cumque quia.', 5, '2017-12-23 04:12:56', '2017-12-23 04:12:56'),
(258, 84, 'Reta Volkman', 'Laudantium veritatis perspiciatis voluptatem quae nam illo. Porro inventore adipisci nemo sunt dolorem amet deserunt. Repudiandae et tempora in atque illum. Ut voluptatum tenetur accusantium eos.', 0, '2017-12-23 04:12:56', '2017-12-23 04:12:56'),
(259, 192, 'Miss Velma Lang', 'Soluta et tempore sint neque. Qui est et quae voluptas culpa ab. Nam nulla dolorem tempora non. Impedit eum sint exercitationem molestiae voluptatem.', 0, '2017-12-23 04:12:56', '2017-12-23 04:12:56'),
(260, 174, 'Isabelle Harber', 'Ipsum illum nihil est voluptate. Voluptates et suscipit at velit ipsa est. Illum optio aut et ipsa sit ut sint. Alias nostrum suscipit quaerat sed tempora ea soluta.', 5, '2017-12-23 04:12:56', '2017-12-23 04:12:56'),
(261, 143, 'Brigitte Kuvalis', 'Magni corporis voluptas itaque minus neque iusto et adipisci. Exercitationem ut recusandae est expedita non sunt aliquam non. Enim voluptates quis tempore ratione qui.', 1, '2017-12-23 04:12:56', '2017-12-23 04:12:56'),
(262, 48, 'Prof. Brook Hilpert III', 'Quis dolorum sit dolor magnam et. Harum praesentium non qui aut ipsum. Numquam atque eum cupiditate vel voluptatem.', 4, '2017-12-23 04:12:56', '2017-12-23 04:12:56'),
(263, 159, 'Dr. Jeffery Schinner I', 'Facere eum qui dolorum porro in modi aut. Impedit illo corrupti aut a dolorem distinctio sunt. Iure occaecati labore qui enim numquam.', 1, '2017-12-23 04:12:56', '2017-12-23 04:12:56'),
(264, 10, 'Mae Bernier', 'Nulla culpa nostrum ut modi ratione ducimus voluptatem. Quis eius ut dolorem rerum omnis. Impedit modi voluptas reiciendis fuga.', 5, '2017-12-23 04:12:56', '2017-12-23 04:12:56'),
(265, 197, 'Quinten Kassulke', 'Natus alias qui voluptas in facere. Voluptatum impedit assumenda ad quam velit sit incidunt neque. Velit rem repudiandae quo sed omnis.', 2, '2017-12-23 04:12:56', '2017-12-23 04:12:56'),
(266, 189, 'Miss Felicita Kunde IV', 'Soluta ab tempore rerum exercitationem ratione et alias. In iste vel non velit qui. Magnam assumenda ad non nam et ea consequatur.', 4, '2017-12-23 04:12:56', '2017-12-23 04:12:56'),
(267, 35, 'Prof. Augustine Hirthe', 'Ab non quo ipsum beatae ullam. Illum earum magnam porro corrupti. Qui facilis et odit placeat laboriosam.', 4, '2017-12-23 04:12:56', '2017-12-23 04:12:56'),
(268, 53, 'Dr. Claudie Rohan II', 'Et sequi error sunt sunt voluptas nihil ex accusamus. Dolores voluptas tenetur reprehenderit sint dolorum placeat labore. Ea quod sunt voluptatum est ab in id quia. Quos inventore velit cum sed molestiae quo.', 3, '2017-12-23 04:12:56', '2017-12-23 04:12:56'),
(269, 4, 'Tavares Block', 'Blanditiis unde enim occaecati pariatur aut qui. Excepturi deserunt voluptas qui est animi omnis nam odit. Vel est asperiores dignissimos omnis.', 4, '2017-12-23 04:12:56', '2017-12-23 04:12:56'),
(270, 187, 'Willow Purdy', 'Vel laboriosam rerum accusamus ipsum modi molestiae ex. Illum dolor unde placeat maxime veniam. Est voluptas incidunt veniam maxime qui repudiandae corporis omnis.', 1, '2017-12-23 04:12:56', '2017-12-23 04:12:56'),
(271, 170, 'Dr. Richie Sipes IV', 'Repudiandae quia consequatur aut rerum laboriosam voluptatibus. Ut cum aut voluptas omnis dolorum est eaque ut. Maxime quasi quasi fuga ratione cumque deleniti illo est.', 4, '2017-12-23 04:12:56', '2017-12-23 04:12:56'),
(272, 167, 'Miss Leann Brakus MD', 'Inventore et beatae ratione est et corporis. Quia officia ducimus dolores ut dignissimos ipsum. Laborum sit et id ut soluta excepturi. Culpa inventore veniam dolorem natus soluta laboriosam voluptatem.', 5, '2017-12-23 04:12:56', '2017-12-23 04:12:56'),
(273, 32, 'Prof. Obie Klocko I', 'Ea ratione et est voluptas eaque repudiandae doloribus. Qui sequi et quas hic sed. Fugiat sit nisi suscipit et iste dicta. Dolorum perferendis sed temporibus nihil in expedita.', 1, '2017-12-23 04:12:56', '2017-12-23 04:12:56'),
(274, 153, 'Zane Mayer', 'Aut voluptate quis vitae minus incidunt ea recusandae ab. Veritatis quia at est voluptas sunt et sit. Iure dolor est qui aut ipsam et voluptas sapiente.', 5, '2017-12-23 04:12:56', '2017-12-23 04:12:56'),
(275, 86, 'Mr. Geovany Kemmer', 'Totam odio ad saepe repudiandae qui nobis veniam. Rerum consequatur est et aspernatur aut placeat vel. Nihil commodi exercitationem reprehenderit rerum enim voluptatem omnis. Odio eos quo sint consequatur.', 1, '2017-12-23 04:12:56', '2017-12-23 04:12:56'),
(276, 55, 'Kitty Quitzon', 'Recusandae repellendus est itaque et placeat alias possimus. Fugit consequatur maiores sed dignissimos. Aspernatur saepe qui sunt est. Minus cumque consequatur qui tempora est repellat corporis temporibus.', 0, '2017-12-23 04:12:56', '2017-12-23 04:12:56'),
(277, 90, 'Mr. Imani Denesik DDS', 'Sint modi quam et sit. Est maxime aut qui dolor explicabo voluptates. Harum unde nulla dolor. Necessitatibus rem eligendi esse veniam reprehenderit.', 1, '2017-12-23 04:12:56', '2017-12-23 04:12:56'),
(278, 170, 'Demetris Cummings', 'Sed quibusdam possimus at ut. Optio assumenda exercitationem quidem ea dolorem totam accusamus. Maiores dolorem quisquam omnis tenetur minima.', 0, '2017-12-23 04:12:56', '2017-12-23 04:12:56'),
(279, 179, 'Prof. Mertie Klein V', 'Ab tempore eum autem. Aliquid nemo fugit in ut maxime nesciunt. Et at odit ipsum nihil. Assumenda quas temporibus cupiditate.', 3, '2017-12-23 04:12:56', '2017-12-23 04:12:56'),
(280, 113, 'Dena DuBuque', 'Nobis vero inventore nihil vel optio voluptatem. Voluptate sed repudiandae recusandae possimus porro. Temporibus possimus necessitatibus consequatur fuga placeat quia architecto quia.', 5, '2017-12-23 04:12:56', '2017-12-23 04:12:56'),
(281, 132, 'Vern Pollich', 'Magni dolorem officia delectus qui harum non laboriosam animi. Et corporis ut architecto aspernatur enim laboriosam. Cupiditate qui nam non mollitia aperiam dolorem laboriosam sed.', 3, '2017-12-23 04:12:56', '2017-12-23 04:12:56'),
(282, 82, 'Dr. Alena Gulgowski', 'Fugit accusamus iusto qui est ipsum commodi nemo sapiente. Quibusdam omnis maiores neque dolores.', 0, '2017-12-23 04:12:56', '2017-12-23 04:12:56'),
(283, 75, 'Enid Goldner', 'Asperiores autem delectus labore nostrum nemo error voluptas exercitationem. Dolorem reprehenderit omnis quaerat. Nobis animi ea qui itaque officia expedita dignissimos.', 2, '2017-12-23 04:12:56', '2017-12-23 04:12:56'),
(284, 73, 'Mellie Kihn', 'Veniam consequatur porro quasi. Culpa maiores qui ullam. Et laborum et ratione voluptatem quia quis praesentium.', 4, '2017-12-23 04:12:56', '2017-12-23 04:12:56'),
(285, 79, 'Mrs. Danielle Schultz I', 'Deserunt eum provident quae consectetur ipsam in nulla. Accusantium cupiditate pariatur iusto qui vel ut. Quis dolore consequatur animi consectetur ratione deserunt. Iure esse molestias temporibus adipisci ipsa aut.', 5, '2017-12-23 04:12:56', '2017-12-23 04:12:56'),
(286, 120, 'Brock Kessler Jr.', 'Sed recusandae inventore dignissimos doloribus et aliquid sed. Aspernatur aut sed deleniti laborum ut. Aspernatur aut voluptates quas tempora vero sed. Maxime quisquam quia doloribus perspiciatis rerum cum ea.', 0, '2017-12-23 04:12:56', '2017-12-23 04:12:56'),
(287, 77, 'Berenice Hartmann', 'Inventore eveniet dolores iste minus commodi iure iusto. Adipisci consequatur itaque reprehenderit voluptas. Ipsa corrupti tenetur omnis deleniti et. Iste ex minus numquam molestias odit.', 5, '2017-12-23 04:12:56', '2017-12-23 04:12:56'),
(288, 144, 'Miss Alyson Walsh V', 'Rerum aperiam praesentium ad reiciendis ullam voluptas. Deserunt praesentium soluta in est libero. Et eos non dolorem et ut corrupti. Fugiat ut hic illum autem molestias asperiores ipsa.', 1, '2017-12-23 04:12:56', '2017-12-23 04:12:56'),
(289, 182, 'Corine Runolfsson', 'Optio non suscipit distinctio architecto. Enim vero possimus aut laudantium ut. Qui culpa nihil aspernatur consequatur. Laborum maiores fugiat non eos eaque voluptatem dolores qui.', 2, '2017-12-23 04:12:56', '2017-12-23 04:12:56'),
(290, 66, 'Billy Greenholt', 'Ipsa provident dolorem quae et. Non repudiandae quidem non porro impedit quisquam fuga. Distinctio unde aut at commodi sint quisquam. Ducimus atque occaecati cupiditate delectus vel adipisci.', 4, '2017-12-23 04:12:56', '2017-12-23 04:12:56'),
(291, 104, 'Jeromy Windler', 'Magnam fuga dolore ab totam ut odit est aut. Sed aut eum soluta dolor minus tempora. Sit necessitatibus ex dolore explicabo.', 0, '2017-12-23 04:12:56', '2017-12-23 04:12:56'),
(292, 146, 'Kevon Blanda', 'Sit iure expedita repellat voluptas veniam sit. Quisquam omnis quia reiciendis. Aut quo totam odio quis expedita deserunt reprehenderit.', 3, '2017-12-23 04:12:56', '2017-12-23 04:12:56'),
(293, 154, 'Zora Wilkinson', 'Quibusdam assumenda neque placeat fugiat quia accusantium. Odio doloribus et neque ratione. Accusantium labore minima necessitatibus impedit. Et rerum ea quo quo cumque dolores facilis.', 2, '2017-12-23 04:12:56', '2017-12-23 04:12:56'),
(294, 36, 'Hipolito Muller', 'Et id neque eum amet vel et. Quia rerum sed quidem similique non consequuntur. Quis nisi quo animi facere officia et quidem.', 0, '2017-12-23 04:12:56', '2017-12-23 04:12:56'),
(295, 107, 'Zachery Leuschke', 'Non velit nostrum quo vel ratione. Voluptatem occaecati accusamus facilis adipisci qui explicabo minus. Illum et recusandae illo. Ratione est doloribus corrupti veritatis nam aut iure.', 4, '2017-12-23 04:12:56', '2017-12-23 04:12:56'),
(296, 200, 'Judson Hauck', 'Sequi accusamus adipisci optio. Rerum sit modi non. Nesciunt repellendus molestias et est laborum voluptatibus voluptatem et. Soluta cupiditate illum laborum placeat voluptas numquam animi cumque.', 5, '2017-12-23 04:12:56', '2017-12-23 04:12:56'),
(297, 39, 'Agustina Douglas', 'Qui culpa quia eum qui temporibus dolor. Quia quidem voluptatem est numquam eos corrupti. Et quo quod suscipit expedita quibusdam.', 0, '2017-12-23 04:12:56', '2017-12-23 04:12:56'),
(298, 111, 'Rosanna Kassulke PhD', 'Ad vitae est non est hic. Ut qui provident accusamus facere ut hic. Et aut impedit pariatur enim facere iusto. Et a praesentium et odio aliquid soluta dolor.', 3, '2017-12-23 04:12:56', '2017-12-23 04:12:56'),
(299, 114, 'Sincere Kautzer PhD', 'Ut sapiente et exercitationem aut id alias. Porro amet magnam nam. Deleniti sequi velit doloremque. Et voluptas quasi vitae tempora officiis.', 0, '2017-12-23 04:12:56', '2017-12-23 04:12:56'),
(300, 34, 'Rosella Funk', 'Officia exercitationem saepe sequi nobis nesciunt harum quos. Deleniti eum aut quo unde mollitia aut minima. Deleniti omnis voluptatem soluta.', 5, '2017-12-23 04:12:56', '2017-12-23 04:12:56'),
(301, 10, 'Trever Hilpert', 'Magni voluptatem eius sequi est eum porro unde quidem. Asperiores velit id explicabo qui. Eligendi voluptatum dolores odio consequatur dolorem.', 3, '2017-12-23 04:12:56', '2017-12-23 04:12:56'),
(302, 31, 'Dr. Kaylin Schumm PhD', 'Ratione hic earum quia nostrum. Et numquam et nihil asperiores deleniti dolorem maiores. Corrupti dolorem dolore sint hic ipsa facilis sunt est.', 5, '2017-12-23 04:12:56', '2017-12-23 04:12:56'),
(303, 3, 'Dr. Francis Schowalter III', 'Reprehenderit inventore veniam quaerat veniam dolor sequi qui. Possimus eos autem saepe natus.', 4, '2017-12-23 04:12:56', '2017-12-23 04:12:56'),
(304, 64, 'Keaton Collier', 'Quidem neque adipisci consectetur. Repudiandae nisi velit aut eveniet magnam sed.', 2, '2017-12-23 04:12:56', '2017-12-23 04:12:56'),
(305, 98, 'Clementina Rippin', 'Rerum quaerat quia recusandae assumenda iste deleniti. Quia aut error doloribus et eos sint consequatur. Minus quod quisquam totam libero corrupti. Voluptates est ea voluptas aut perspiciatis ut autem.', 1, '2017-12-23 04:12:56', '2017-12-23 04:12:56'),
(306, 193, 'Ollie Sanford', 'Aperiam eum quia ipsam sit. Qui perspiciatis aliquid ea illo magni et. Iure perferendis laudantium excepturi quisquam aut. Atque animi exercitationem ipsum nesciunt iusto et suscipit.', 3, '2017-12-23 04:12:56', '2017-12-23 04:12:56'),
(307, 167, 'Kaylah Dach', 'Porro sunt mollitia repellendus dolorum dolores nostrum. Expedita sit corporis pariatur non accusamus molestiae voluptatem ad.', 3, '2017-12-23 04:12:56', '2017-12-23 04:12:56'),
(308, 39, 'Amara Powlowski', 'Praesentium quod dolores mollitia repudiandae et ut. Non reprehenderit quisquam sunt dolor quo non accusamus. Quis impedit suscipit esse. Quidem et et voluptate autem voluptatem.', 2, '2017-12-23 04:12:56', '2017-12-23 04:12:56'),
(309, 187, 'Trenton Schowalter Jr.', 'Qui non provident reiciendis maxime iusto. Sit praesentium eum vitae aliquid molestiae neque. Voluptas vel officiis est ab et facilis. Qui in repellat animi unde explicabo. Voluptatem accusamus voluptate minima architecto voluptas.', 4, '2017-12-23 04:12:56', '2017-12-23 04:12:56'),
(310, 44, 'Carolanne Waelchi PhD', 'Eos delectus optio consequatur perferendis. Vel voluptatem cumque cumque et sequi. Eaque quia et non nesciunt facilis provident.', 5, '2017-12-23 04:12:56', '2017-12-23 04:12:56'),
(311, 67, 'Ike Schimmel', 'Magnam velit iusto nostrum dolor et facilis quisquam optio. Maiores hic pariatur excepturi sapiente porro voluptatem aliquam. Illum ut placeat dolores nesciunt fugit sapiente. Alias veritatis laborum quis aliquid.', 5, '2017-12-23 04:12:56', '2017-12-23 04:12:56'),
(312, 124, 'Niko Lakin', 'Sit rerum perspiciatis qui voluptas aspernatur non beatae ea. Expedita repellendus soluta eligendi voluptatibus. Iusto libero voluptatum eum. Temporibus omnis similique placeat.', 2, '2017-12-23 04:12:56', '2017-12-23 04:12:56'),
(313, 70, 'Prof. Haylee Gerhold III', 'Quis aperiam nostrum voluptatem quas. Et sit et beatae. Non non dolorem cum eaque sunt. Hic vel inventore quaerat modi soluta.', 3, '2017-12-23 04:12:56', '2017-12-23 04:12:56'),
(314, 81, 'Warren Pollich', 'Aut hic dolorum odit est atque ullam qui. Voluptate voluptatem vel adipisci quia.', 0, '2017-12-23 04:12:56', '2017-12-23 04:12:56'),
(315, 51, 'Miss Caleigh Borer', 'Mollitia sed officia totam pariatur architecto tempora. Harum odio odit repellat provident molestias et voluptatibus. Non et fugit et nostrum ad magnam. Tempora assumenda laboriosam eaque quis ad eius magnam dolor.', 1, '2017-12-23 04:12:56', '2017-12-23 04:12:56'),
(316, 158, 'Minerva Bartoletti', 'A delectus repellat impedit voluptatem aut. Possimus architecto libero minus. Molestias corrupti libero officia corporis pariatur velit. Natus voluptate laudantium aut ut officiis.', 2, '2017-12-23 04:12:56', '2017-12-23 04:12:56'),
(317, 53, 'Cameron D\'Amore', 'Autem ad in et et possimus tenetur voluptas. Molestiae molestiae ipsum dolorum. Qui voluptatem aut non commodi atque ipsa sequi. Et quia quasi quasi enim est ab facere.', 2, '2017-12-23 04:12:56', '2017-12-23 04:12:56'),
(318, 42, 'Dr. Ottis Swift', 'Placeat aspernatur voluptatem dignissimos aut. Sapiente dolore rerum dolor. Voluptas nobis impedit aperiam sit. Facilis nihil cupiditate inventore saepe ut tempore qui consectetur. Magnam doloremque inventore nam numquam et.', 4, '2017-12-23 04:12:56', '2017-12-23 04:12:56'),
(319, 50, 'Dayne Casper', 'Aliquid saepe placeat rerum voluptatibus. Est odio velit amet illo. Repellendus et accusamus placeat dolor ad.', 1, '2017-12-23 04:12:56', '2017-12-23 04:12:56'),
(320, 147, 'Jaime Sauer', 'Sed repellat sit officiis alias nesciunt. Est assumenda fugit sunt quas culpa temporibus. Accusamus laudantium error autem laudantium cupiditate animi. Delectus est dolor sunt molestiae.', 1, '2017-12-23 04:12:56', '2017-12-23 04:12:56'),
(321, 197, 'Ms. Elyse Shields DDS', 'Eligendi fugiat aut vitae est. Ratione ipsam reprehenderit eius rerum cumque. Quia vitae ut officiis perspiciatis. Dolores exercitationem autem consequatur aut.', 4, '2017-12-23 04:12:56', '2017-12-23 04:12:56'),
(322, 26, 'Dr. Marina Effertz II', 'Qui eos assumenda ex et inventore quia. Alias molestiae minus harum. Ut velit sunt qui enim. Qui et totam deleniti provident sunt quia.', 2, '2017-12-23 04:12:56', '2017-12-23 04:12:56'),
(323, 69, 'Gretchen Franecki DVM', 'Et veritatis cupiditate est ex ipsam laborum laboriosam. Velit accusantium et sed necessitatibus maxime. Aspernatur quis deleniti voluptates porro voluptatem qui sit. Temporibus dolore autem et iste qui et laboriosam.', 4, '2017-12-23 04:12:56', '2017-12-23 04:12:56'),
(324, 95, 'Marc Zboncak', 'Molestias esse ut voluptatem a sapiente dolor. Et libero veritatis et dolores cumque unde hic. Vitae deleniti qui harum sunt odio eaque est. Commodi necessitatibus pariatur quia.', 1, '2017-12-23 04:12:56', '2017-12-23 04:12:56'),
(325, 68, 'Beth Kulas', 'Nobis animi voluptas ab sit a laudantium modi. Aut nam voluptates eveniet. Veritatis vel repellendus facilis eveniet. Sit quia neque culpa quia cumque harum qui.', 0, '2017-12-23 04:12:56', '2017-12-23 04:12:56'),
(326, 188, 'Jane Larkin', 'Temporibus accusantium hic incidunt dicta ut placeat. Dolor temporibus ut velit. Unde labore omnis sint delectus dolorum quisquam exercitationem aut. Optio iusto velit non esse est. Suscipit quia repellendus magni ut aut enim aliquam.', 1, '2017-12-23 04:12:56', '2017-12-23 04:12:56'),
(327, 190, 'Cecilia Bruen', 'Sint sunt distinctio debitis eligendi. Sit aut quas rerum voluptatum. Quam debitis autem est dolorum.', 0, '2017-12-23 04:12:56', '2017-12-23 04:12:56'),
(328, 179, 'Miss Virginie Erdman III', 'Ut numquam earum nam veniam. Tenetur dolorem nemo aut aut. Voluptas eum molestiae ut minus vitae qui sint. Et odio distinctio alias libero architecto.', 4, '2017-12-23 04:12:56', '2017-12-23 04:12:56'),
(329, 182, 'Josefina Mosciski', 'Nobis pariatur laboriosam ea praesentium sint eveniet. Earum omnis doloremque magni et harum. Ut ipsa dolorum atque dolor. Laboriosam et saepe sapiente porro ea.', 1, '2017-12-23 04:12:56', '2017-12-23 04:12:56'),
(330, 84, 'Mr. Wilson Mann DDS', 'Quis tempore quia similique ipsa. Reprehenderit nihil est fugiat repudiandae omnis. Autem soluta iusto distinctio voluptas exercitationem. Et aperiam consequuntur et pariatur in rerum nobis.', 1, '2017-12-23 04:12:56', '2017-12-23 04:12:56'),
(331, 194, 'Mrs. Karli Rutherford Jr.', 'Voluptatem numquam mollitia ea est aut atque. Delectus et quo sit modi eos impedit voluptatibus. Voluptas totam debitis ipsa dolorem nostrum vel sit.', 1, '2017-12-23 04:12:56', '2017-12-23 04:12:56'),
(332, 87, 'Boyd O\'Hara', 'Veritatis quisquam dolor possimus porro nobis. Quis qui praesentium harum exercitationem ducimus accusantium id et. Dolor eligendi est consequatur quia unde sit vitae odio.', 0, '2017-12-23 04:12:56', '2017-12-23 04:12:56'),
(333, 148, 'Derrick Kirlin', 'Culpa et molestiae qui et facere. Voluptas eveniet qui eius quis est et architecto rerum. Et adipisci perspiciatis voluptatibus provident ad veritatis. Porro recusandae iste tempore quibusdam accusantium excepturi.', 1, '2017-12-23 04:12:56', '2017-12-23 04:12:56'),
(334, 120, 'Mrs. Beryl Mertz', 'Adipisci qui explicabo nemo sint doloribus nulla doloremque. Aut perspiciatis dolore ea ducimus qui mollitia nemo est.', 4, '2017-12-23 04:12:56', '2017-12-23 04:12:56'),
(335, 111, 'Mr. Efrain Buckridge', 'Voluptas sunt soluta atque pariatur. Nisi ea deleniti voluptas ea saepe temporibus. Molestiae nihil dignissimos id deserunt sequi nihil sunt magni. Minus veritatis fugit cupiditate.', 2, '2017-12-23 04:12:56', '2017-12-23 04:12:56'),
(336, 147, 'Prof. Oliver Spencer DDS', 'Molestiae sed et ea maxime facere repellat. Odit vero voluptas magnam sunt repellat omnis eum nam. Unde voluptatem ea beatae excepturi veritatis earum.', 1, '2017-12-23 04:12:56', '2017-12-23 04:12:56'),
(337, 61, 'Dasia Braun', 'Aut placeat voluptas voluptatum odio. Quis recusandae accusantium blanditiis distinctio qui enim. Id facilis reprehenderit in quisquam voluptatibus debitis occaecati cumque. Rerum nihil accusamus neque quod magnam asperiores.', 1, '2017-12-23 04:12:56', '2017-12-23 04:12:56'),
(338, 49, 'Gilda Hilpert II', 'Ullam dignissimos commodi doloremque dolorem. Quia tempore quis repellat voluptatem dolor. Aliquid nihil dolorum dolor vel sit voluptatum.', 1, '2017-12-23 04:12:56', '2017-12-23 04:12:56'),
(339, 83, 'Julius Douglas MD', 'Sunt voluptates atque sit est voluptatem consequatur. Eum nisi omnis earum omnis. Nobis esse dolor nisi ea veritatis architecto.', 0, '2017-12-23 04:12:56', '2017-12-23 04:12:56'),
(340, 102, 'Pablo Doyle', 'Asperiores nisi deleniti sunt. Suscipit dolor numquam ut maiores eveniet. Vel voluptatem esse iusto numquam. Veritatis odit consequatur sint ut fuga quos modi.', 1, '2017-12-23 04:12:56', '2017-12-23 04:12:56'),
(341, 126, 'Maudie Breitenberg', 'Voluptatem aspernatur ad dolor nesciunt. Ut similique voluptatem fuga necessitatibus quis tenetur. Tempora rerum quisquam beatae quia ducimus. Minima temporibus molestias omnis ut cupiditate quasi expedita sequi.', 5, '2017-12-23 04:12:56', '2017-12-23 04:12:56'),
(342, 190, 'Betsy Lind', 'Adipisci aut aut rerum illum possimus molestiae. Veniam asperiores modi commodi tempore est ipsum nihil sapiente. Aut possimus nemo qui unde alias pariatur. Ut quaerat ut ut vel aut dolorum.', 3, '2017-12-23 04:12:56', '2017-12-23 04:12:56'),
(343, 114, 'Hilda Abernathy', 'Repellat et non qui quisquam quia et ab. Sit et rerum veniam sit. Porro ipsam sed natus fuga ratione voluptatem.', 5, '2017-12-23 04:12:56', '2017-12-23 04:12:56'),
(344, 87, 'Miss Eula Lindgren', 'Ex et unde dolorem quia voluptatem. Optio quo eum consectetur maiores eos ut. Quos ut maxime sunt sed voluptatem blanditiis laudantium optio. Est alias accusamus incidunt delectus vel.', 1, '2017-12-23 04:12:56', '2017-12-23 04:12:56'),
(345, 181, 'Mr. Myrl O\'Keefe', 'Molestiae tempore sunt sequi consequatur repellat. Commodi ipsa et rerum non. Laboriosam omnis nisi inventore iure beatae. Corrupti quidem recusandae earum velit adipisci iusto molestias.', 3, '2017-12-23 04:12:56', '2017-12-23 04:12:56'),
(346, 84, 'Marge Mohr', 'Quae tempora qui distinctio laboriosam voluptatem earum dicta. Voluptas voluptatem debitis repudiandae et voluptatem. Mollitia numquam dolores ea ducimus eos et.', 1, '2017-12-23 04:12:56', '2017-12-23 04:12:56'),
(347, 185, 'Daphne Hilll', 'Nemo est eaque quo odit. Enim minima impedit sunt consequatur et magnam.', 5, '2017-12-23 04:12:56', '2017-12-23 04:12:56'),
(348, 30, 'Nakia Bernhard', 'Ad optio nisi impedit nam dolor. Assumenda est ipsum iste ut necessitatibus aperiam ex. Et rerum autem repellendus adipisci et.', 0, '2017-12-23 04:12:56', '2017-12-23 04:12:56'),
(349, 4, 'Rashawn Hermann', 'Voluptas inventore repellat quia aut molestiae laborum. Sint non accusamus praesentium necessitatibus provident adipisci ipsam. Dolorem sint et commodi sapiente laborum.', 1, '2017-12-23 04:12:56', '2017-12-23 04:12:56'),
(350, 16, 'Marquis Cormier', 'Id cum sunt eligendi dolor alias voluptatum porro. Non animi ut minus nostrum est incidunt consequatur. Natus qui id voluptas temporibus placeat suscipit nobis quasi.', 5, '2017-12-23 04:12:56', '2017-12-23 04:12:56'),
(351, 19, 'Mr. Jimmie Hegmann', 'Sit amet dicta placeat et fugit impedit. Ipsum eos qui sequi illum. Aut nesciunt quos labore sit. Dolor quia dolore quasi ut iste.', 0, '2017-12-23 04:12:56', '2017-12-23 04:12:56'),
(352, 74, 'Ashley Lebsack', 'Molestias eaque reprehenderit molestias dolor. Sunt quidem asperiores deserunt harum fugit alias nobis. Necessitatibus hic assumenda commodi nisi laudantium. Voluptatum est dolor enim alias.', 2, '2017-12-23 04:12:56', '2017-12-23 04:12:56'),
(353, 29, 'Jane Wyman', 'Cumque nihil cumque occaecati quasi ut. Occaecati aliquam quibusdam est excepturi magni eum.', 1, '2017-12-23 04:12:56', '2017-12-23 04:12:56'),
(354, 142, 'Forrest Howe', 'Neque et molestiae ut id. Sunt excepturi labore harum aperiam non illum quo. Laborum tempora aut repellat laudantium ratione sit aut earum.', 3, '2017-12-23 04:12:56', '2017-12-23 04:12:56'),
(355, 1, 'Bobbie McClure', 'Assumenda provident totam culpa autem mollitia harum consequatur. At eaque beatae reiciendis est. Deleniti vel qui dolorem quia sed nisi. Et neque et debitis id.', 1, '2017-12-23 04:12:56', '2017-12-23 04:12:56'),
(356, 193, 'Erika Kohler', 'Inventore ad modi expedita beatae ducimus. Aliquid itaque quasi temporibus eum autem esse. Vitae commodi consequuntur doloribus itaque et. Et consequatur esse nostrum ut saepe. Et in amet aliquid.', 1, '2017-12-23 04:12:56', '2017-12-23 04:12:56'),
(357, 99, 'Grace Green', 'Fugit officiis aut harum id esse vitae aliquam. Id pariatur accusantium maxime quaerat ea velit impedit. Nesciunt quasi et optio.', 1, '2017-12-23 04:12:56', '2017-12-23 04:12:56'),
(358, 110, 'Evans Kohler II', 'Aut eum in dolorem impedit. Eaque sint dolorem non quam id molestiae. Sit aliquam perferendis porro labore in dignissimos perspiciatis.', 3, '2017-12-23 04:12:56', '2017-12-23 04:12:56'),
(359, 140, 'Jermey Christiansen', 'Reiciendis molestias a nesciunt est cumque nam ratione. Necessitatibus repudiandae culpa molestiae rem ut autem. Dolores neque optio id voluptas soluta vitae est. Et vel consequuntur in blanditiis tempora perspiciatis repellendus.', 3, '2017-12-23 04:12:57', '2017-12-23 04:12:57'),
(360, 75, 'Malachi Kohler Sr.', 'Nihil qui totam assumenda in fuga magnam. Eveniet voluptas quaerat minima vitae animi. Architecto vel nulla nulla.', 5, '2017-12-23 04:12:57', '2017-12-23 04:12:57'),
(361, 52, 'Prof. Loyal Simonis', 'Commodi vero eveniet blanditiis ipsum et eius eum. Repellat omnis porro excepturi officiis. Est illo eum veritatis autem.', 0, '2017-12-23 04:12:57', '2017-12-23 04:12:57'),
(362, 186, 'Haley Fritsch III', 'Non aliquam consectetur ut occaecati. Beatae adipisci assumenda amet est. Officiis voluptatem quia ut. Voluptatem et omnis perspiciatis mollitia.', 1, '2017-12-23 04:12:57', '2017-12-23 04:12:57'),
(363, 178, 'Jasmin Howe', 'Voluptatem voluptas sapiente molestiae ut inventore molestiae veniam nobis. Non ut molestias quae dolorem. Placeat possimus repudiandae vitae dicta quaerat voluptatem. Fugiat architecto similique sed odio quod est.', 5, '2017-12-23 04:12:57', '2017-12-23 04:12:57'),
(364, 197, 'Matilde Jenkins', 'Et quisquam aut qui. Reprehenderit voluptas voluptate nostrum voluptatibus maiores dolorem praesentium nihil. Aliquid velit veritatis aut odit qui. Odit sint facere autem recusandae aspernatur ea beatae. Quod voluptate omnis labore aut inventore quisquam.', 5, '2017-12-23 04:12:57', '2017-12-23 04:12:57'),
(365, 154, 'Tara Olson', 'Impedit occaecati itaque dolorem ut. Maxime omnis laborum ut optio quos cum deleniti. Odio architecto suscipit ea voluptas eius assumenda fugiat. Ad expedita vitae eum quae corporis enim.', 3, '2017-12-23 04:12:57', '2017-12-23 04:12:57'),
(366, 21, 'Crystel Wilkinson', 'Ea magnam laudantium libero officia quia quia similique dolorum. Est autem corrupti necessitatibus error voluptatem voluptas aut ea. Culpa sunt fugiat aspernatur maiores quia earum. Et sit alias necessitatibus debitis accusamus esse deserunt.', 0, '2017-12-23 04:12:57', '2017-12-23 04:12:57'),
(367, 108, 'Miss Jermaine O\'Keefe', 'Dolor soluta omnis omnis cupiditate sunt sit illum aut. Eligendi asperiores quidem facere eveniet reiciendis illum. Eos quod autem aut. Cum occaecati magnam amet laborum aspernatur voluptatum qui.', 3, '2017-12-23 04:12:57', '2017-12-23 04:12:57'),
(368, 34, 'Ashlynn Koepp', 'Beatae explicabo soluta ut nemo. Et autem quidem porro itaque eveniet cupiditate blanditiis. Fugit laboriosam atque minima hic nobis excepturi. Qui molestiae ut iusto excepturi officia magnam.', 1, '2017-12-23 04:12:57', '2017-12-23 04:12:57'),
(369, 8, 'Esteban Hoeger DVM', 'Praesentium odio voluptate dolor nostrum. Facilis voluptates qui expedita. Et eum dignissimos qui quod in esse ipsum tempore. Quam eum aut repellendus quos.', 5, '2017-12-23 04:12:57', '2017-12-23 04:12:57'),
(370, 191, 'Mrs. Rose Wehner', 'Velit sit ut nam impedit adipisci. Amet rerum id rerum molestias culpa excepturi doloremque et. Voluptatem rerum odio omnis rem dolorum et non. Veritatis asperiores voluptates et.', 5, '2017-12-23 04:12:57', '2017-12-23 04:12:57'),
(371, 62, 'Tristin Leuschke III', 'Dignissimos aliquid tempora reprehenderit ut sunt ea et. Vel deleniti velit iste quam sequi odio reprehenderit. Impedit quidem unde voluptate et distinctio eos nihil omnis.', 5, '2017-12-23 04:12:57', '2017-12-23 04:12:57'),
(372, 193, 'Wendy Blanda', 'Ipsum consequuntur quis unde sapiente ipsam beatae molestias. Vel velit quis quidem. Et accusamus sed ut repudiandae illo earum iusto. In corporis sint laboriosam ut facere saepe.', 1, '2017-12-23 04:12:57', '2017-12-23 04:12:57'),
(373, 189, 'Korey Barrows', 'Inventore nam aspernatur voluptatum laboriosam molestias dolorum. Vel dicta enim dolores.', 5, '2017-12-23 04:12:57', '2017-12-23 04:12:57'),
(374, 77, 'Benny Carter', 'Doloribus ipsam hic iste saepe sint ea. Ea animi ex iure. Id sint iure eius. Molestias ullam molestiae ut.', 1, '2017-12-23 04:12:57', '2017-12-23 04:12:57'),
(375, 125, 'Beryl Larson', 'Molestiae est est quia. Dolores corporis molestiae eveniet repudiandae deleniti perferendis ut.', 4, '2017-12-23 04:12:57', '2017-12-23 04:12:57'),
(376, 123, 'Athena Keebler', 'Voluptatem et omnis fuga. Ut eaque eligendi fugit et dolores sed amet. Nihil aut blanditiis dolore et omnis pariatur. Fugit cum dolore incidunt blanditiis modi saepe.', 4, '2017-12-23 04:12:57', '2017-12-23 04:12:57'),
(377, 120, 'Miss Kianna Dickinson DDS', 'Tempora beatae est non laboriosam non. Inventore optio libero rerum corrupti ut voluptates hic quia. Sit rem mollitia sed est.', 0, '2017-12-23 04:12:57', '2017-12-23 04:12:57'),
(378, 60, 'Rowland Wisozk', 'Ipsa sed praesentium ab. Suscipit nobis esse iste et facere sint sed. Sit qui quisquam et voluptatibus voluptas. Inventore quo ea nisi quod suscipit vel recusandae.', 2, '2017-12-23 04:12:57', '2017-12-23 04:12:57'),
(379, 142, 'Kenton Halvorson III', 'Laboriosam suscipit dolores doloribus qui. Excepturi quae non laborum molestiae ex deserunt minus omnis. Sed eos quam earum omnis quo molestiae.', 3, '2017-12-23 04:12:57', '2017-12-23 04:12:57'),
(380, 141, 'Alice Runolfsdottir', 'Nihil eum blanditiis ipsum sapiente ratione dolor est quas. Aut fugit quia est sunt. Eaque earum nemo architecto excepturi eos consequatur maiores.', 1, '2017-12-23 04:12:57', '2017-12-23 04:12:57'),
(381, 66, 'Neha Robel', 'Qui ut officiis ullam. Repellendus alias quis expedita at et reprehenderit.', 2, '2017-12-23 04:12:57', '2017-12-23 04:12:57'),
(382, 185, 'Alice Jones', 'Sint dolorem et consequuntur fuga dolorem. Ut mollitia cumque earum in qui eos. Quisquam fugiat dolorem distinctio est quas maxime rem.', 0, '2017-12-23 04:12:57', '2017-12-23 04:12:57'),
(383, 75, 'Vivian Marquardt', 'Animi nostrum architecto molestiae. Culpa ad accusamus id nam odio. Quidem sequi aperiam suscipit voluptatem est tempora. Ut itaque quis asperiores maiores rerum id.', 2, '2017-12-23 04:12:57', '2017-12-23 04:12:57'),
(384, 118, 'Reuben King DDS', 'Nam nobis sapiente aut quo et. Illo voluptatem harum dolorem. Aspernatur qui saepe natus perspiciatis et. Sit aut aut magni rerum minima.', 3, '2017-12-23 04:12:57', '2017-12-23 04:12:57'),
(385, 178, 'Ms. Demetris Price', 'Recusandae et occaecati modi eveniet ut. Mollitia magni enim voluptate a est temporibus enim. Maiores cumque beatae totam nobis sed. Et unde voluptatem iure cupiditate perspiciatis mollitia ullam.', 2, '2017-12-23 04:12:57', '2017-12-23 04:12:57'),
(386, 103, 'Jennyfer Hilpert', 'Asperiores aliquid sunt pariatur fugit. Repellat maiores et neque sit molestiae. Est illo natus facilis iusto in a aliquam.', 3, '2017-12-23 04:12:57', '2017-12-23 04:12:57'),
(387, 13, 'Marco Treutel', 'Totam distinctio et qui veritatis neque. Eum praesentium doloribus aut iste non quis. Officiis qui voluptas quidem et quod. Iste quae velit et modi.', 0, '2017-12-23 04:12:57', '2017-12-23 04:12:57'),
(388, 187, 'Ms. Frances Torp', 'Ut neque ducimus enim et inventore. Modi veniam adipisci voluptatibus ut. Excepturi dolorem alias modi ad consectetur reiciendis nisi.', 4, '2017-12-23 04:12:57', '2017-12-23 04:12:57'),
(389, 41, 'Mazie Tillman', 'Maiores est sequi iusto qui impedit fuga minima. Sit vitae voluptatem et voluptates aliquam. Et autem qui sit minima eos sit dignissimos minima.', 0, '2017-12-23 04:12:57', '2017-12-23 04:12:57'),
(390, 170, 'Chelsey Hackett', 'Inventore quisquam in soluta accusamus quo maxime eum. Explicabo omnis magni doloremque ad. Quos et maiores aut debitis.', 3, '2017-12-23 04:12:57', '2017-12-23 04:12:57'),
(391, 59, 'Dr. Clinton Stracke DDS', 'Enim optio modi dicta tenetur voluptate distinctio. Voluptatem repellat accusamus et rem. Consequatur totam reprehenderit laboriosam explicabo. Porro in vel sed est rem ab magnam.', 1, '2017-12-23 04:12:57', '2017-12-23 04:12:57'),
(392, 179, 'Jaida Mann', 'Non omnis officia ea sit rerum eos. Similique dolores adipisci aut aspernatur placeat consectetur. Pariatur quidem odit atque vel corrupti accusantium odio. Ratione eius odit consequatur minus occaecati sapiente.', 4, '2017-12-23 04:12:57', '2017-12-23 04:12:57'),
(393, 63, 'Mr. Nicklaus Ondricka', 'Molestiae vel repellendus aut explicabo aperiam quis. Corrupti molestiae aut ut non at sint. Aut omnis voluptas voluptas assumenda voluptate.', 4, '2017-12-23 04:12:57', '2017-12-23 04:12:57'),
(394, 63, 'Shirley Kihn', 'Perferendis enim impedit dolor et maxime veniam. Iure numquam enim amet voluptas ipsum ut et.', 1, '2017-12-23 04:12:57', '2017-12-23 04:12:57'),
(395, 33, 'Mr. Myron Jakubowski', 'Consequuntur est eos quia ea ut qui veniam. Enim voluptatibus natus laboriosam beatae voluptas exercitationem voluptatibus et. Qui recusandae doloremque autem quis in voluptatem.', 4, '2017-12-23 04:12:57', '2017-12-23 04:12:57'),
(396, 144, 'Carmine Klein Jr.', 'Odit porro expedita ratione est quo doloremque. Ullam placeat rerum rerum fugit nam maxime inventore modi. Praesentium vel repellendus est aut minus atque ea.', 1, '2017-12-23 04:12:57', '2017-12-23 04:12:57'),
(397, 128, 'Justine Wisoky', 'Ipsa provident dolorem fugit eveniet consequatur. Qui similique laborum voluptas quia velit magni ducimus.', 3, '2017-12-23 04:12:57', '2017-12-23 04:12:57'),
(398, 24, 'Kacie Wuckert Jr.', 'Enim et quis nostrum sit dolor ut nihil eius. Minus natus blanditiis voluptates nobis. Aliquam fuga error blanditiis nihil.', 1, '2017-12-23 04:12:57', '2017-12-23 04:12:57'),
(399, 80, 'Keshaun Gleason', 'Ipsa odit velit laborum itaque necessitatibus animi quos. Expedita inventore ut harum laudantium. At aut voluptas accusantium delectus vero ea qui.', 5, '2017-12-23 04:12:57', '2017-12-23 04:12:57'),
(400, 24, 'Rosalia Feeney', 'Est unde nihil et ut deserunt. Non laudantium quae aperiam aut reiciendis vitae. Velit quia et est ratione.', 2, '2017-12-23 04:12:57', '2017-12-23 04:12:57');

-- --------------------------------------------------------

--
-- Table structure for table `users`
--

CREATE TABLE `users` (
  `id` int(10) UNSIGNED NOT NULL,
  `name` varchar(191) COLLATE utf8mb4_unicode_ci NOT NULL,
  `email` varchar(191) COLLATE utf8mb4_unicode_ci NOT NULL,
  `password` varchar(191) COLLATE utf8mb4_unicode_ci NOT NULL,
  `remember_token` varchar(100) COLLATE utf8mb4_unicode_ci DEFAULT NULL,
  `created_at` timestamp NULL DEFAULT NULL,
  `updated_at` timestamp NULL DEFAULT NULL
) ENGINE=MyISAM DEFAULT CHARSET=utf8mb4 COLLATE=utf8mb4_unicode_ci;

--
-- Indexes for dumped tables
--

--
-- Indexes for table `migrations`
--
ALTER TABLE `migrations`
  ADD PRIMARY KEY (`id`);

--
-- Indexes for table `password_resets`
--
ALTER TABLE `password_resets`
  ADD KEY `password_resets_email_index` (`email`);

--
-- Indexes for table `products`
--
ALTER TABLE `products`
  ADD PRIMARY KEY (`id`);

--
-- Indexes for table `reviews`
--
ALTER TABLE `reviews`
  ADD PRIMARY KEY (`id`),
  ADD KEY `reviews_product_id_index` (`product_id`);

--
-- Indexes for table `users`
--
ALTER TABLE `users`
  ADD PRIMARY KEY (`id`),
  ADD UNIQUE KEY `users_email_unique` (`email`);

--
-- AUTO_INCREMENT for dumped tables
--

--
-- AUTO_INCREMENT for table `migrations`
--
ALTER TABLE `migrations`
  MODIFY `id` int(10) UNSIGNED NOT NULL AUTO_INCREMENT, AUTO_INCREMENT=5;
--
-- AUTO_INCREMENT for table `products`
--
ALTER TABLE `products`
  MODIFY `id` int(10) UNSIGNED NOT NULL AUTO_INCREMENT, AUTO_INCREMENT=201;
--
-- AUTO_INCREMENT for table `reviews`
--
ALTER TABLE `reviews`
  MODIFY `id` int(10) UNSIGNED NOT NULL AUTO_INCREMENT, AUTO_INCREMENT=401;
--
-- AUTO_INCREMENT for table `users`
--
ALTER TABLE `users`
  MODIFY `id` int(10) UNSIGNED NOT NULL AUTO_INCREMENT;
/*!40101 SET CHARACTER_SET_CLIENT=@OLD_CHARACTER_SET_CLIENT */;
/*!40101 SET CHARACTER_SET_RESULTS=@OLD_CHARACTER_SET_RESULTS */;
/*!40101 SET COLLATION_CONNECTION=@OLD_COLLATION_CONNECTION */;
